Workbook

Sheet Tools
C2: Tool Name | D2: References | E2: Year | F2: Authors/Institution | G2: Discovery Method | H2: Discovered From | I2: Selection Status | J2: Exclusion Reason | K2: Short Description
C3: PowerScope | D3: Noureddine, Adel, Romain Rouvoy, and Lionel Seinturier. 2013. ‘A Review of Energy Measurement Approaches’. SIGOPS Oper. Syst. Rev. 47 (3): 42–49. https://doi.org/10.1145/2553070.2553077. PowerScope: A Tool for Profiling the Energy Usage of Mobileapplications’. n.d. ResearchGate. https://doi.org/10.1109/MCSA.1999.749272. | E3: 1999 | F3: Jason Flinn and M. Satyanarayanan | G3: Backward Snawballing | I3: Not Selected | K3: PowerScope is historically interesting because its architecture explicitly separates data collection from energy-profile generation. A dedicated second computer controls the external multimeter and collects the power samples, while the profiling computer only performs lightweight system-activity sampling. The collected data are then processed offline, so the energy-analysis stage introduces no profiling overhead. It also provides an interesting early form of hardware-specific attribution: in (Flinn and Satyanarayanan 1999) samples occurring during asynchronous interrupts are not attributed to the currently executing process, but to a dedicated interrupt bucket. For example, WaveLAN interrupts are separately accounted for, allowing network-related energy to be distinguished from the process that happened to be executing. This is particularly noteworthy in our study because, so far, PowerScope is the only tool we have identified that explicitly allocates energy associated with hardware interrupts to a specific hardware component/activity. Nevertheless, we exclude it from the classification because of its age, its reliance on NetBSD kernel modifications and a uniprocessor architecture, and the lack of a currently available tool implementation.
C4: RAPL | D4: Khan, Kashif Nizam, Mikael Hirki, Tapio Niemi, Jukka K. Nurminen, and Zhonghong Ou. 2018. ‘RAPL in Action: Experiences in Using RAPL for Power Measurements’. ACM Trans. Model. Perform. Eval. Comput. Syst. 3 (2): 9:1-9:26. https://doi.org/10.1145/3177754. Chekushkin, Artem, Vitaly Egunov, Alla G. Kravets, and Pavel Kravchenya. 2026. ‘Software Methods for Energy Consumption Evaluation’. In Frontiers of Industrial Cyber-Physics, edited by Alla G. Kravets, Alexander A. Bolshakov, and Maxim V. Shcherbakov. Springer Nature Switzerland. https://doi.org/10.1007/978-3-032-02717-7_8. | E4: 2010 | F4: Intel | G4: Seeds (Extensively used in scientific litterature and a primitive for other tools such as GMT Kepler,… | H4: na | I4: Not Selected | J4: No software-level attribution | K4: RAPL (Running Average Power Limit) is a hardware-level energy monitoring and power-controlling interface introduced by Intel for its processors. It exposes energy consumption estimates via Model-Specific Registers (MSRs), allowing software to read energy usage for specific hardware domains.
C5: e-Surgeon (= Jalen + PowerAPI) | D5: Noureddine, Adel, Romain Rouvoy, and Lionel Seinturier. 2015. ‘Monitoring Energy Hotspots in Software’. Automated Software Engineering 22 (3): 291–332. https://doi.org/10.1007/s10515-014-0171-1. Noureddine, Adel, Aurélien Bourdon, Romain Rouvoy, and Lionel Seinturier. 2012. E-Surgeon: Diagnosing Energy Leaks of Application Servers. Technical Report RR-7846. INRIA. https://inria.hal.science/hal-00652992. | E5: 2012 | F5: Noureddine, Adel, Romain Rouvoy, and Lionel Seinturier. | G5: Seeds (Keywords Search) | H5: Manual keyword search on Google Scholar : "Software energy monitoring" | I5: Selected | J5: na | K5: e-Surgeon is a software-based energy profiling framework that estimates fine-grained (method-level) power consumption of Java applications at runtime. It combines operating-system-level hardware monitoring (PowerAPI) with either bytecode instrumentation or statistical sampling (Jalen), using analytical and empirical power models to estimate application energy consumption without relying on external power meters.
C6: PowerGadget | D6: Wysocki, Włodzimierz, Ireneusz Miciuła, and Przemysław Plecka. 2025. ‘Methods of Improving Software Energy Efficiency: A Systematic Literature Review and the Current State of Applied Methods in Practice’. Electronics 14 (7): 1331. https://doi.org/10.3390/electronics14071331. | E6: 2014 | F6: Intel | G6: Backward Snawballing | H6: (Wysocki et al. 2025) | I6: Not Selected | J6: No software-level attribution | K6: Intel(r) Power Gadget is a software utility and library, which allows developers to monitor power at very fine time granularities (few tens of milliseconds). Power monitoring is available for the following power domains: per package domain (CPU socket) per core domain (all the cpu cores on a package) per uncore domain (uncore components, e.g. integrated graphics, client parts only) per memory node (memory local to a package, server parts only) To do this, the tool uses an architected capability in Intel(r) processors which is called RAPL (Runtime Average Power Limiting). RAPL is available on Intel(r) codename Sandy Bridge and later processors.
C7: jRAPL | D7: Liu, Kenan, Gustavo Pinto, and Yu David Liu. 2015. ‘Data-Oriented Characterization of Application-Level Energy Optimization’. In Fundamental Approaches to Software Engineering, edited by Alexander Egyed and Ina Schaefer. Springer. https://doi.org/10.1007/978-3-662-46675-9_21. | E7: 2015 | F7: Kenan Liu | G7: Backward Snawballing | H7: (Wysocki et al. 2025) | I7: Selected | J7: na | K7: jRAPL is a Java library that allows to profile the energy consumption of parts of program code by relying on RAPL. To use it, the developer just needs to put API calls (statCheck) before and after a code block. The energy consumption is then computed as the difference between the two readings. It can also report time metrics (wall-clock, user, kernel time) and some low-level counters, which can be useful for analysis. It allows a fine-grained attribution, both in terms of hardware components (RAPL usual granularity) and program structure (methods, code blocks…). Also, since the measurement is directly embedded in the code, there is no need to synchronise measurement and execution, which is usually a pain with external setups. It is not completely free: accessing MSRs introduces a small overhead (microseconds), even if in practice it remains quite low compared to execution time. Overall, jRAPL can be seen as a hardware-based energy metering approach, with relatively low overhead and good granularity, but at the cost of some code instrumentation. (Liu et al. 2015)
C8: IgProf | D8: Khan, Kashif, Filip Nybäck, Zhonghong Ou, et al. 2015. Energy Profiling Using IgProf. In Proceedings - 2015 IEEE/ACM 15th International Symposium on Cluster, Cloud, and Grid Computing, CCGrid 2015. https://doi.org/10.1109/CCGrid.2015.118. G. Eulisse, L. Tuura: IgProf profiling tool, Proc. Computing In High Energy And Nuclear Physics (CHEP 2004), Interlaken, Switzerland, 2004 | E8: 2015 | F8: Lassi Tuura, Giulio, Mikko Kurkela and Filip Nybäck | G8: Backward Snawballing | H8: (Wysocki et al. 2025) | I8: Selected | J8: na | K8: IgProf is originally an application profiler developed at CERN to analyse performance and memory behaviour of programs, and was later extended with an energy profiling module. This module enables the attribution of energy consumption within a program, typically at the level of functions. The approach relies on statistical sampling. IgProf is injected into the target application as a shared library at startup, allowing it to operate entirely within the same process address space. It performs statistical sampling using interval timers and signal handlers, which execute in the context of the application thread. At each sampling point, the profiler captures the current call stack and associates it with energy measurements obtained via RAPL (through PAPI), enabling in-process attribution of energy consumption to functions.. This allows building energy profiles in the same way as traditional performance profiles (e.g., flat profiles (cumulated energy offunction and called sub-function) or call graphs) One advantage is that IgProf operates entirely in user space and does not require recompilation of the application. This makes it relatively non-intrusive compared to instrumentation-based approaches. It can also handle dynamically loaded libraries, which is useful in complex software stacks. In terms of granularity, the tool provides fine-grained attribution at function level, but this is based on sampling and indirect attribution rather than exact measurement. As a result, short-lived code sections (shorter than the RAPL update interval, ~1 ms) may not be measured accurately, and multi-threaded scenarios introduce additional challenges in attributing energy correctly. (Khan et al. 2015) Overall, IgProf can be seen as a sampling-based, hardware-informed energy profiling approach. It offers good integration with performance profiling and low intrusiveness, but with limitations in accuracy for short events and complex concurrent workloads.
C9: BitWatts | D9: Wysocki, Włodzimierz, Ireneusz Miciuła, and Przemysław Plecka. 2025. ‘Methods of Improving Software Energy Efficiency: A Systematic Literature Review and the Current State of Applied Methods in Practice’. Electronics 14 (7): 1331. https://doi.org/10.3390/electronics14071331. Colmant, Maxime, Mascha Kurpicz, Pascal Felber, Loïc Huertas, Romain Rouvoy, and Anita Sobe. 2015. ‘Process-Level Power Estimation in VM-Based Systems’. Proceedings of the Tenth European Conference on Computer Systems (New York, NY, USA), EuroSys ’15, 1–14. https://doi.org/10.1145/2741948.2741971. Colmant, Maxime, Mascha Kurpicz, Pascal Felber, Loïc Huertas, Romain Rouvoy, and Anita Sobe. 2014. ‘BitWatts: A Process-Level Power Monitoring Middleware’. Proceedings of the Posters and Demos Session of the 15th International Middleware Conference (New York, NY, USA), Middleware Posters and Demos ’14, 41–42. https://doi.org/10.1145/2678508.2678529. | E9: 2015 | F9: Maxime Colmant, Mascha Kurpicz, Pascal Felber, Loïc Huertas, Romain Rouvoy, Anita Sobe | G9: Backward Snawballing | H9: (Wysocki et al. 2025) | I9: Selected | J9: na | K9: BITWATTS, an extension of PowerAPI, is a software-defined power meter that supports virtualised environments through two instances: one on the host, which estimates VM power, and one in the guest, which receives this value via a VirtioSerial channel and attributes it to guest processes. Its power source is a processor-aware multivariate regression model based on HPCs, notably unhalted CPU cycles, and CPU frequency. It provides process-level attribution and accounts for multi-core execution, Hyper-Threading, SpeedStep/DVFS, and Turbo Boost. The tool can report at up to 40 Hz with PowerSpy or 10 Hz with libpfm4, although experiments generally use 1 Hz. It was evaluated on Intel Core i3-2120 and Xeon W3520 systems using KVM/QEMU.
C10: GreenOracle | D10: Wysocki, Włodzimierz, Ireneusz Miciuła, and Przemysław Plecka. 2025. ‘Methods of Improving Software Energy Efficiency: A Systematic Literature Review and the Current State of Applied Methods in Practice’. Electronics 14 (7): 1331. https://doi.org/10.3390/electronics14071331. Chowdhury, Shaiful Alam, and Abram Hindle. 2016. ‘GreenOracle: Estimating Software Energy Consumption with Energy Measurement Corpora’. Proceedings of the 13th International Conference on Mining Software Repositories (New York, NY, USA), MSR ’16, 49–60. https://doi.org/10.1145/2901739.2901763. | E10: 2016 | F10: Shaiful Alam Chowdhury, Abram Hindle | G10: Backward Snawballing | H10: (Wysocki et al. 2025) | I10: Not Selected | J10: Mobile-only platforms and no software-level attribution | K10: GreenOracle is primarily a mobile application energy prediction model, so it falls outside our survey scope. It estimates the total energy of an Android application test run from system-call counts, CPU utilisation, and other /proc-based resource metrics. The energy model is trained on measurements from many other applications using ridge regression, making it a pretrained, cross-application model that does not require direct energy measurement of the application under test.
C11: Jolinar | D11: Wysocki, Włodzimierz, Ireneusz Miciuła, and Przemysław Plecka. 2025. ‘Methods of Improving Software Energy Efficiency: A Systematic Literature Review and the Current State of Applied Methods in Practice’. Electronics 14 (7): 1331. https://doi.org/10.3390/electronics14071331. Noureddine, Adel, Syed Islam, and Rabih Bashroush. 2016. ‘Jolinar: Analysing the Energy Footprint of Software Applications (Demo)’. Proceedings of the 25th International Symposium on Software Testing and Analysis, July 18, 445–48. https://doi.org/10.1145/2931037.2948706. | E11: 2016 | F11: Adel Noureddine, Syed Islam, Rabih Bashroush | G11: Backward Snawballing | H11: (Wysocki et al. 2025) | I11: Not Selected | J11: Deprecated | K11: Jolinar is a lightweight GNU/Linux application-level energy monitoring tool built on top of PowerAPI. It estimates application energy from OS-provided resource utilisation and hardware specifications, using models for CPU, disk and memory; the CPU model accounts for DVFS and real-time frequency/voltage changes. It monitors one application at a time, limited to one process per application, with a temporal resolution of 500 ms.
C12: Stress-Terminal UI | D12: Centofanti, Carlo, José Santos, Venkateswarlu Gudepu, and Koteswararao Kondepu. 2024. ‘Impact of Power Consumption in Containerized Clouds: A Comprehensive Analysis of Open-Source Power Measurement Tools’. Computer Networks 245 (May): 110371. https://doi.org/10.1016/j.comnet.2024.110371. | E12: 2017 | F12: Alex Manos | G12: Backward Snawballing | H12: (Centofanti et al. 2024) | I12: Not Selected | J12: No software-level attribution | K12: Stress Terminal UI (s-tui) is an open-source monitoring tool that provides real-time visualisation of system performance and power-related metrics. It reads data from hardware interfaces such as Intel RAPL and system sensors to display CPU usage, frequency, temperature, and estimated power consumption. Designed as a terminal-based interface, it is mainly used for local monitoring and stress testing on Linux systems rather than fine-grained software energy attribution.
C13: Scaphandre | D13: Centofanti, Carlo, José Santos, Venkateswarlu Gudepu, and Koteswararao Kondepu. 2024. ‘Impact of Power Consumption in Containerized Clouds: A Comprehensive Analysis of Open-Source Power Measurement Tools’. Computer Networks 245 (May): 110371. https://doi.org/10.1016/j.comnet.2024.110371. | E13: 2020 | F13: Hubblo-org | G13: Backward Snawballing | H13: (Centofanti et al. 2024) | I13: Selected | J13: na | K13: Scaphandre is an open-source energy monitoring agent developed by Hubblo. It uses Intel RAPL to measure CPU (and optionally DRAM) energy at the system level and attributes it to processes or containers based on CPU usage. It runs as a lightweight daemon and exports metrics to Prometheus, enabling integration in cloud and container environments. Accuracy is high at system level but limited for fine-grained attribution.
C14: Android Runner | D14: Wysocki, Włodzimierz, Ireneusz Miciuła, and Przemysław Plecka. 2025. ‘Methods of Improving Software Energy Efficiency: A Systematic Literature Review and the Current State of Applied Methods in Practice’. Electronics 14 (7): 1331. https://doi.org/10.3390/electronics14071331. Malavolta, Ivano, Eoin Martino Grua, Cheng-Yu Lam, et al. 2021. ‘A Framework for the Automatic Execution of Measurement-Based Experiments on Android Devices’. Proceedings of the 35th IEEE/ACM International Conference on Automated Software Engineering (New York, NY, USA), ASE ’20, January 22, 61–66. https://doi.org/10.1145/3417113.3422184. | E14: 2020 | F14: Ivano Malavolta, Eoin Martino Grua, Cheng-Yu Lam, Randy de Vries, Franky Tan, EricZielinski, Michael Peters, Luuk Kaandorp | G14: Backward Snawballing | H14: (Wysocki et al. 2025) | I14: Not Selected | J14: Mobile-only platforms | K14: Android Runner (AR), a framework for automatically executing measurement-based experiments on native and web apps running on Android devices. In AR, an experiment is defined once in a descriptive fashion, and then its execution is fully automatic, customizable, and replicable. AR is implemented in Python and it can be extended with third-party profilers.
C15: PowerJoular/JoularJX | D15: Noureddine, Adel. (2021) 2022. ‘PowerJoular and JoularJX: Multi-Platform Software Power Monitoring Tools’. In Proceedings of the 18th International Conference on Intelligent Environments, Ada. Intelligent Environments. March 22; IEEE, released. https://doi.org/10.1109/IE54923.2022.9826760. | E15: 2021 | F15: Noureddine, Adel | G15: Backward Snawballing | H15: (Wysocki et al. 2025) | I15: Selected | J15: na | K15: PowerJoular monitors the power consumption of CPU and GPU for PCs, servers and single-board computers (such as Raspberry Pi). JoularJX uses the power data provided by PowerJoular to monitor the power consumption of methods and source code in Java applications. These tools extend the strategies used for former PowerAPI/eJalen : runtime estimation are now possible
... C18: Andro Watts | D18: Guégain, Édouard, Rémy Raes, Noé Chachignot, Clément Quinton, and Romain Rouvoy. 2025. ‘AndroWatts: Unpacking the Power Consumption of Mobile Device’s Components’. 2025 IEEE/ACM 12th International Conference on Mobile Software Engineering and Systems (MOBILESoft), April, 71–81. https://doi.org/10.1109/MOBILESoft66462.2025.00015. | E18: 2025 | F18: Guégain, Édouard, Rémy Raes, Noé Chachignot, Clément Quinton, and Romain Rouvoy. | G18: Seeds (Keywords Search) | H18: na | I18: Not Selected | J18: No software-level attribution Smartphone only platforms | K18: Target device is a smartphone. The authors use supervised learning to train models (linear, nn, random forest, …) to estimate (i) system-level energy (ii) component-level shares of enregy i.e. CPU, display, WIFi, Memory,… Both based on component-related metrics (e.g. display brightness, CPU frequency,...) . The framework involves the creation of a dataset: create scenarios putting the device under a random workload. Then collect features i.e. component-related metrics, and ODPM power rails values as target variables. The study shows Gradient boosting trees estimate best (i). Linear regression is used to estimate (ii): CPU/Memory, GPU, Display energy consumption are successfully estimated while CPU/Memory block has highest accuracy (absolute error ~7%) Under that case study, the authors show they need at least 500 runs (capping the dataset size) to have a stable R-squared
C19: Joular Core | E19: 2026 | F19: Noureddine, Adel | G19: Forward Snawballing | H19: (Noureddine [2021] 2022) | I19: Selected | J19: na | K19: Extension of PowerJoular to MacOs and Windows in a cross-platform implementation written in Rust. Joular Core is designed to be embedded in larger workflows. It exposes power data through multiple channels — terminal, CSV files, a shared-memory ring buffer, and an HTTP/WebSocket API — so it can feed into whatever downstream system you are working with. Also add a GUI for live monitoring
C20: PETRA | G20: Backward Snawballing | H20: (Wysocki et al. 2025) | I20: Not Selected | J20: Mobile-only platforms | K20: PETrA is a software-based energy profiling tool specifically designed for Android applications. It estimates energy at method level, combining Android system information on component states (CPU, Wi-Fi, GPS, etc.) and voltage with a device power profile; method energy is reconstructed from the time intervals during which the method executes.
C21: Green Kube
C22: Trepn | D22: Wysocki, Włodzimierz, Ireneusz Miciuła, and Przemysław Plecka. 2025. ‘Methods of Improving Software Energy Efficiency: A Systematic Literature Review and the Current State of Applied Methods in Practice’. Electronics 14 (7): 1331. https://doi.org/10.3390/electronics14071331. Ahmad, Raja Wasim, Siti Hafizah Ab Hamid, Abdullah Gani, et al. 2018. ‘Performance Assessment of Dynamic Analysis Based Energy Estimation Tools’. 2018 International Symposium on Performance Evaluation of Computer and Telecommunication Systems (SPECTS), July, 1–12. https://doi.org/10.1109/SPECTS.2018.8574182. | G22: Backward Snawballing | H22: (Wysocki et al. 2025) | I22: Not Selected | J22: Mobile-only platforms insufficient documentation | K22: Trepn Profiler is a device power modeling and performance measurement tool to estimate the energy of the device, components, and smartphone applications.
C41: SoftWatt | D41: from Li, Tao, and Lizy Kurian John. 2003. ‘Run-Time Modeling and Estimation of Operating System Power Consumption’. Proceedings of the 2003 ACM SIGMETRICS International Conference on Measurement and Modeling of Computer Systems (New York, NY, USA), SIGMETRICS ’03, 160–71. https://doi.org/10.1145/781027.781048.
C42: pTop | D42: from Noureddine, Adel, Romain Rouvoy, and Lionel Seinturier. 2013. ‘A Review of Energy Measurement Approaches’. SIGOPS Oper. Syst. Rev. 47 (3): 42–49. https://doi.org/10.1145/2553070.2553077.
C43: PowerTop | D43: from Noureddine, Adel, Romain Rouvoy, and Lionel Seinturier. 2013. ‘A Review of Energy Measurement Approaches’. SIGOPS Oper. Syst. Rev. 47 (3): 42–49. https://doi.org/10.1145/2553070.2553077.
C44: Energy Checker | D44: from Noureddine, Adel, Romain Rouvoy, and Lionel Seinturier. 2013. ‘A Review of Energy Measurement Approaches’. SIGOPS Oper. Syst. Rev. 47 (3): 42–49. https://doi.org/10.1145/2553070.2553077.
C45: Joulemeter | D45: from Noureddine, Adel, Romain Rouvoy, and Lionel Seinturier. 2013. ‘A Review of Energy Measurement Approaches’. SIGOPS Oper. Syst. Rev. 47 (3): 42–49. https://doi.org/10.1145/2553070.2553077.
C46: websitecarbon.com
C47: https://aknostic.com/keit/
C48: SmartWatts | D48: from Raffin, Guillaume, and Denis Trystram. 2024. ‘Dissecting the Software-Based Measurement of CPU Energy Consumption: A Comparative Analysis’. arXiv:2401.15985. Preprint, arXiv, July 19. https://doi.org/10.48550/arXiv.2401.15985. Guillaume Fieni, Romain Rouvoy, and Lionel Seinturier. “SmartWatts: self-calibrating software-defined power meter for containers”. en. In: 2020 20th IEEE/ACM International Symposium on Cluster, Cloud and Internet Computing (CCGRID). Melbourne, Australia: IEEE, May 2020, pp. 479–488. ISBN: 978-172816-095-5. DOI: 10 . 1109 / CCGrid49817 . 2020 . 00 45.
C49: ??? | D49: from Raffin, Guillaume, and Denis Trystram. 2024. ‘Dissecting the Software-Based Measurement of CPU Energy Consumption: A Comparative Analysis’. arXiv:2401.15985. Preprint, arXiv, July 19. https://doi.org/10.48550/arXiv.2401.15985. Franz Christian Heinrich et al. “Predicting the energyconsumption of MPI applications at scale using only a single node”. In: 2017 IEEE International Conference on Cluster Computing (CLUSTER). Sept. 2017, pp. 92102. DOI: 10.1109/CLUSTER.2017.66.
C50: Code-Carbon | D50: from Raffin, Guillaume, and Denis Trystram. 2024. ‘Dissecting the Software-Based Measurement of CPU Energy Consumption: A Comparative Analysis’. arXiv:2401.15985. Preprint, arXiv, July 19. https://doi.org/10.48550/arXiv.2401.15985. Victor Schmidt et al. “CodeCarbon: estimate and track carbon emissions from machine learning computing”. In: Zenodo (2021).
C51: Likwid | D51: from Raffin, Guillaume, and Denis Trystram. 2024. ‘Dissecting the Software-Based Measurement of CPU Energy Consumption: A Comparative Analysis’. arXiv:2401.15985. Preprint, arXiv, July 19. https://doi.org/10.48550/arXiv.2401.15985. J. Treibig, G. Hager, and G. Wellein. “LIKWID: a lightweight performance-oriented tool suite for x86 multicore environments”. In: Proceedings of PSTI2010, the First International Workshop on Parallel Software Tools and Tool Infrastructures. San Diego CA, 2010.

Sheet Inclusion Exclusion
B2: Tool Name | C2: Scientific grounding (yes or no) | D2: Software energy profiling (yes or no) | E2: Representative execution environments (yes or no) | F2: Insufficient documentation | G2: Purely theoretical models | H2: Mobile-only platforms | I2: Inclusion Status
B3: Green Metric Tool | C3: yes | D3: yes | E3: yes | F3: no | G3: no | H3: no | I3: =IF(AND(C3="yes",D3="yes",E3="yes",F3="no",G3="no",H3="no"),"Selected","Not Selected") -> Selected
B4: Kepler | C4: yes | D4: yes | E4: yes | F4: no | G4: no | H4: no | I4: =IF(AND(C4="yes",D4="yes",E4="yes",F4="no",G4="no",H4="no"),"Selected","Not Selected") -> Selected
B5: e-Surgeon | C5: yes | D5: yes | E5: yes | F5: no | G5: no | H5: no | I5: =IF(AND(C5="yes",D5="yes",E5="yes",F5="no",G5="no",H5="no"),"Selected","Not Selected") -> Selected
B6: RAPL | C6: yes | D6: no | E6: yes | F6: no | G6: no | H6: no | I6: =IF(AND(C6="yes",D6="yes",E6="yes",F6="no",G6="no",H6="no"),"Selected","Not Selected") -> Not Selected
B7: Scaphandre | C7: yes | D7: yes | E7: yes | F7: no | G7: no | H7: no | I7: =IF(AND(C7="yes",D7="yes",E7="yes",F7="no",G7="no",H7="no"),"Selected","Not Selected") -> Selected
B8: Andro Watts | C8: yes | D8: no | E8: yes | F8: no | G8: no | H8: yes | I8: =IF(AND(C8="yes",D8="yes",E8="yes",F8="no",G8="no",H8="no"),"Selected","Not Selected") -> Not Selected
B9: Stress-Terminal UI | C9: no | D9: no | E9: yes | F9: no | G9: no | H9: no | I9: =IF(AND(C9="yes",D9="yes",E9="yes",F9="no",G9="no",H9="no"),"Selected","Not Selected") -> Not Selected
B10: `PowerJoular/JoularJX | C10: yes | D10: yes | E10: yes | F10: no | G10: no | H10: no | I10: =IF(AND(C10="yes",D10="yes",E10="yes",F10="no",G10="no",H10="no"),"Selected","Not Selected") -> Selected
B11: Power Watts | C11: yes | D11: yes | E11: yes | F11: no | G11: no | I11: =IF(AND(C11="yes",D11="yes",E11="yes",F11="no",G11="no",H11="no"),"Selected","Not Selected") -> Not Selected
B12: jRAPL | C12: yes | D12: yes | E12: yes | F12: no | G12: no | H12: no | I12: =IF(AND(C12="yes",D12="yes",E12="yes",F12="no",G12="no",H12="no"),"Selected","Not Selected") -> Selected
B13: BitWatts | C13: yes | D13: yes | E13: yes | F13: no | G13: no | H13: no | I13: =IF(AND(C13="yes",D13="yes",E13="yes",F13="no",G13="no",H13="no"),"Selected","Not Selected") -> Selected
B14: Trepn | C14: yes | D14: yes | E14: yes | F14: yes | G14: no | H14: yes | I14: =IF(AND(C14="yes",D14="yes",E14="yes",F14="no",G14="no",H14="no"),"Selected","Not Selected") -> Not Selected
B15: PowerGadget | C15: yes | D15: no | E15: yes | F15: no | G15: no | H15: no | I15: =IF(AND(C15="yes",D15="yes",E15="yes",F15="no",G15="no",H15="no"),"Selected","Not Selected") -> Not Selected
B16: Android Runner | C16: yes | D16: yes | E16: yes | F16: no | G16: no | H16: yes | I16: =IF(AND(C16="yes",D16="yes",E16="yes",F16="no",G16="no",H16="no"),"Selected","Not Selected") -> Not Selected
B17: GreenOracle | C17: yes | D17: no | E17: yes | F17: no | G17: no | H17: yes | I17: =IF(AND(C17="yes",D17="yes",E17="yes",F17="no",G17="no",H17="no"),"Selected","Not Selected") -> Not Selected
B18: PowerScope | C18: yes | D18: yes | E18: no | F18: yes | G18: yes | H18: no | I18: =IF(AND(C18="yes",D18="yes",E18="yes",F18="no",G18="no",H18="no"),"Selected","Not Selected") -> Not Selected
I19: =IF(AND(C19="yes",D19="yes",E19="yes",F19="no",G19="no",H19="no"),"Selected","Not Selected") -> Not Selected
I20: =IF(AND(C20="yes",D20="yes",E20="yes",F20="no",G20="no",H20="no"),"Selected","Not Selected") -> Not Selected
I21: =IF(AND(C21="yes",D21="yes",E21="yes",F21="no",G21="no",H21="no"),"Selected","Not Selected") -> Not Selected

Sheet Classification
B2: Tool Name | C2: Measurement level and attribution | P2: Methodology and accuracy | W2: Invasiveness and usability | Z2: Execution environment support | AM2: Maturity and ecosystem
C3: Measurement Targets | J3: Metrics | N3: Granularity | O3: Temporal resolution | P3: Measurement approach | T3: Baseline Modeled and Calibration requirements | U3: Accuracy validation | V3: Repeatability | W3: Code modification | X3: Runtime overhead | Y3: Deployment complexity | Z3: Target Devices | AD3: Supported ISA | AH3: Virtual machines | AI3: Containers | AJ3: Kubernetes integration | AK3: Multi-tenancy awareness | AL3: Cloud provider compatibility | AM3: Availability and licensing | AN3: Maintenance status | AO3: Documentation quality | AP3: Case Studies | AQ3: Community adoption
C4: CPU | D4: DRAM | E4: GPU | F4: Network (NIC) | G4: Storage (Disk) | H4: Display | I4: System | J4: Power/ Energy | K4: Network I/O | L4: Disk I/O | M4: CO2e | P4: External Power Meter | Q4: Hardware-Exposed Energy Interface | R4: Model -based | S4: Attribution Mechanism | Z4: Desktop/ Laptop | AA4: Server | AB4: Mobile Device | AC4: Embedded System | AD4: x86 | AE4: ARM | AF4: RISC-V | AG4: MacSilicon
B5: Green Metric Tool | C5: ✗(RAPL) | D5: ✗(RAPL) | E5: ✗ | F5: no | G5: no | H5: no | I5: ✗ | J5: ✗ | K5: ✗ | L5: ✗ | M5: ✗ | N5: Container-level attribution Application-level (if containerised) | O5: ~ms Configurable for each metric provider (1ms for RAPL metric provider) | P5: ✗(If provided as system input) | Q5: ✗ (RAPL) | R5: trained model for system-level estimations in virtualised contex | S5: Container Isolation : Accesses cgroups to learn about how resources are shared. | T5: Baseline modeled and allocated to container according to CPU % utilisation | U5: Relative to metric providers : For RAPL which is extensively used by the GMT : https://www.green-coding.io/case-studies/rapl-and-sgx/ | V5: Allows periodic checks of the standard deviations of measurments through their "measurement cluster". | W5: No | X5: Designed to be low (uses containers). GMT allows to estimate it through a special script : calibrate.py | Y5: Python App + Redis DB + Web-based API & Front-end for data analysis Hosted Service (paid) | Z5: ✗ (Linux System) | AA5: ✗ | AB5: no | AC5: no | AD5: ✗ (Linux Targeted) | AE5: Few Metric Providers with limited Accuracy | AF5: no | AG5: Depends on Metric Provider in Use | AH5: Limited support but some model-based metric providers allow to account for virtualisation level (e.g. PSU Energy - AC - XGBoost - Machine) | AI5: ✗ | AJ5: no (Doc says "in development" https://docs.green-coding.io/) | AK5: no | AL5: no | AM5: Open-Source | AN5: Active (Last Commit in Feb 2026) | AO5: Extensive Documentation (https://docs.green-coding.io/) | AP5: Hoffmann, Geerd-Dietger, and Verena Majuntke. 2025. ‘Green Metrics Tool: Measuring for Fun and Profit’. arXiv:2506.23967. Preprint, arXiv, June 30. https://doi.org/10.48550/arXiv.2506.23967. Kayembe, Jason, Iness Ben Guirat, and Jan Tobias Mühlberg. 2025. ‘Exploring Privacy and Security as Drivers for Environmental Sustainability in Cloud-Based Office Solutions’. arXiv:2506.23866. Preprint, arXiv, July 4. https://doi.org/10.48550/arXiv.2506.23866. | AQ5: Designed for developers to integrate SCI in dev Used in a few academic researches
B6: Kepler | C6: ✗(RAPL) | D6: ✗(RAPL) | E6: ✗(NVLM) | F6: no | G6: no | H6: no | I6: ✗(IPMI, ACPI, Regression-based trained power models) | J6: ✗ | K6: no | L6: no | M6: no | N6: Node Level (BM/VM) Pod-Level Container-Level Process-level | O6: ~ms at RAPL read level Effective resolution = Prometheus scrape interval (typically 1s–30s depending on configuration) | P6: no | Q6: ✗ (RAPL, NVLM, IPMI) | R6: no | S6: Attribution based on Hardware Counters in (Bare-Metal deployment version) e.g., CPU instruction, cache misses, Streaming Multiprocessor utilisation System-level Energy estimated through Regression-based trained power models for VM deployment | T6: Modeled and allocated according to processes size | U6: Reported MSE of 0.01 in (Amaral et al. 2023) | W6: no | Y6: Runs as DaemonSet on each node Linux-based nodes required | Z6: ✗ (Linux System) | AA6: ✗ | AB6: no | AC6: no | AD6: ✗ (Linux Targeted) | AE6: no | AF6: no | AG6: no | AH6: System-level Energy estimated through Regression-based trained power models for VM deployment | AI6: ✗ | AJ6: ✗ | AK6: Aware of resource sharing at node-level At hypervisor-level : not currently but (CNCF 2023) mentions a planned "passthrough" mode for VM deployment which could enable this | AL6: no (AWS EKS, GKE, Azure AKS do not expose RAPL) | AM6: Open-Source (CNCF Sandbox project) | AN6: Active (Last Commit in March 2026) | AO6: Extensive Documentation (https://sustainable-computing.io/) | AP6: Centofanti, Carlo, José Santos, Venkateswarlu Gudepu, and Koteswararao Kondepu. 2024. ‘Impact of Power Consumption in Containerized Clouds: A Comprehensive Analysis of Open-Source Power Measurement Tools’. Computer Networks 245 (May): 110371. https://doi.org/10.1016/j.comnet.2024.110371. | AQ6: Designed for edge/cloud/ K8s Operators
B7: e-Surgeon (PowerAPI+eJalen) | C7: ✗ | D7: no | E7: no | F7: ✗ | G7: no | H7: no | I7: no | J7: ✗ | K7: ✗ | L7: no | M7: no | N7: Class Level Method Level | O7: ~Monitoring Cycle of 1s mentioned in (Noureddine et al. 2012) | P7: no | Q7: no | R7: Model-based (TDP) | S7: 1) Uses OS provided per-process (PID)resources utilisation to allocate energy to process (JVM) 2a)A version with statistical sampling to allocate energy to methods/classes 2b) A version with automatic bytecode instrumentation to attribute energy to methods/classes | T7: Not modeled | U7: Reported in (Noureddine et al. 2012; (Noureddine et al. 2015)) | W7: Two methods available: 1) Statistical Sampling of Call Stack --> No Code Modification 2) Source Code Instrumentation (i.e. time markers around functions) | X7: Reported in (Noureddine et al. 2012; (Noureddine et al. 2015)) | Z7: ✗ | AA7: ✗ | AB7: no | AC7: no | AD7: ✗ | AF7: no | AG7: no | AH7: No | AI7: No | AJ7: No | AK7: No | AL7: No | AM7: Open-Source
B8: Scaphandre | C8: ✗(RAPL) | D8: ✗(RAPL) | E8: no | F8: no | G8: no | I8: ✗ | J8: ✗ | K8: no | L8: ✗ | M8: no | N8: Node Level (BM/VM) Pod-Level Container-Level Process-level | O8: 1Hz (Max 28Hz If modified as in (Raffin and Trystram 2024)) | P8: no | Q8: ✗(RAPL) | R8: ✗(Used for container allocation or system-level estimations in virtualised context ) | W8: no | Z8: ✗ (Linux System/Windows) | AA8: ✗ | AB8: no | AC8: no | AD8: ✗ | AE8: no | AF8: no | AG8: no | AH8: Support for VM "exposing System-level metrics from host to VM" | AI8: ✗ | AJ8: ✗ | AL8: no : "No, until your cloud provider uses scaphandre on its hypervisors"
B9: IgProf (Energy module) | C9: ✗(RAPL) | D9: ✗(RAPL) | E9: no | F9: no | G9: no | H9: no | I9: no | J9: ✗ | K9: no | L9: no | M9: no | N9: Function Level | O9: ~5ms sampling interval in (Khan et al. 2015) | P9: no | Q9: ✗ (RAPL throush PAPI) | R9: no | S9: 1) Allocate all RAPL system energy to process it is attached to 2) Statistical Sampling (stack trace) to allocate energy to functions | T9: Not modeled | U9: Qualitatively Reported in (Khan et al. 2015) | W9: Mostly statistical sampling --> no code modification | X9: Not reported for Energy module | Y9: Runs as an attached library to the profiled process | Z9: ✗ | AA9: ✗ | AB9: no | AC9: no | AD9: ✗ | AE9: No | AF9: No | AG9: No | AH9: No | AI9: No | AJ9: No | AK9: No | AL9: No | AM9: Open-Source | AN9: Not maintained since 2024 | AO9: Limited to not existing for the energy module (https://igprof.org/index.html) | AP9: Khan, Kashif, Filip Nybäck, Zhonghong Ou, et al. 2015. Energy Profiling Using IgProf. In Proceedings - 2015 IEEE/ACM 15th International Symposium on Cluster, Cloud, and Grid Computing, CCGrid 2015. https://doi.org/10.1109/CCGrid.2015.118.
B10: PowerJoular | C10: ✗(RAPL) | D10: ✗(RAPL) | E10: ✗(NVIDIA SMI) (computers and servers | F10: no | G10: no | H10: no | I10: no | J10: ✗ | K10: no | L10: no | M10: no | N10: Application Level (All its PIDs) Process level (PID) | O10: ~1s | P10: no | Q10: ✗ (RAPL throush powercap) | R10: polynomial regression For Rasberry Pi | S10: 1) Allocation through Processes CPU utilization | T10: Not modeled | U10: btw 0.3% and 3.83% on RaspberryPie (Noureddine [2021] 2022) | W10: No | X10: Not reported but supposed to be low (1s sampling rate + written in Ada (low carbon language(Noureddine [2021] 2022))) | Y10: Command line tool, export to csv | Z10: ✗ | AA10: ✗ | AB10: no | AC10: ✗ | AD10: ✗ | AE10: ✗(specific models) | AF10: ✗(CPU energy on specific models) | AG10: No | AH10: Support for VM "exposing System-level metrics in a shared file from host to VM" | AI10: Support for Container "exposing System-level metrics in a shared file from host to VM" | AJ10: No | AK10: Yes if provided by host | AL10: No | AM10: Open-Source | AN10: Active (Last Commit in 2026) | AO10: Concice documentation : https://joular.github.io/powerjoular/overview.html | AP10: Noureddine, Adel. (2021) 2022. ‘PowerJoular and JoularJX: Multi-Platform Software Power Monitoring Tools’. In Proceedings of the 18th International Conference on Intelligent Environments, Ada. Intelligent Environments. March 22; IEEE, released. https://doi.org/10.1109/IE54923.2022.9826760. | AQ10: PowerJoular is aimed to software developers, system administrators and to automated tools, with a goal to help these users understand the power consumption of their devices and software (Noureddine [2021] 2022)
B11: JoularJX | C11: ✗(RAPL) | D11: ✗(RAPL) | E11: ✗(NVIDIA SMI) (computers and servers | F11: no | G11: no | H11: no | I11: no | J11: ✗ | K11: no | L11: no | M11: no | N11: Function Level | O11: ~10ms | P11: no | Q11: ✗ (RAPL throush powercap) | R11: polynomial regression For Rasberry Pi | S11: 1) Allocation through CPU utilization for Java Threads (1s) 2) Statistical sampling of thread stack trace(10ms) | T11: Not modeled | W11: no: statistical sampling | X11: Not reported | Y11: Command line tool, export to csv | Z11: ✗ | AA11: ✗ | AB11: no | AC11: ✗ | AD11: ✗ | AE11: ✗(specific models) | AF11: No | AG11: No | AH11: ✗ | AI11: No | AJ11: No | AK11: Yes if provided by host | AL11: No | AM11: Open-Source | AN11: Active (Last Commit in 2026) | AO11: Concice documentation : https://joular.github.io/powerjoular/overview.html | AQ11: Designed for software Developers
B12: Joular Core | C12: ✗ | D12: ✗ | E12: ✗ | F12: no | G12: no | H12: no | I12: ✗ | J12: ✗ | K12: no | L12: no | M12: no | N12: Application Level (All its PIDs) Process level (PID) | O12: ~1s | P12: no | Q12: ✗ (RAPL (linux/windows) or powerMetrics (Mac)) | R12: For Rasberry Pi | S12: 1) Allocation through Processes CPU utilization | T12: Baseline modeled and substracted before allocation | U12: Not reported | W12: No | X12: Not reported | Y12: Command line tool or Gui | Z12: ✗ | AA12: ✗ | AB12: no | AC12: ✗ | AD12: ✗ | AE12: ✗ | AF12: no reported | AG12: ✗ | AH12: Support for VM "exposing System-level metrics in a shared file from host to VM" | AI12: Support for Container "exposing System-level metrics in a shared file from host to VM" | AJ12: No | AK12: Yes if provided by host | AL12: No | AM12: Open-Source | AN12: Active (Last Commit 2026) | AO12: Concice documentation : https://joular.github.io/joularcore/ | AQ12: Power Core is aimed to software developers, system administrators and to automated tools, with a goal to help these users understand the power consumption of their devices and software (Noureddine [2021] 2022)
B13: PETRA | C13: ✗ | I13: ✗ | J13: ✗ | N13: Method-Level | O13: ~ms | P13: no | Q13: no | R13: OS signals + power profiles | S13: Time-based allocation (knows exactly entry/exit events of method) | U13: Mean relative error: ~1% overall | W13: Needs to run app in debug mode to access method traces | Z13: no | AA13: no | AB13: ✗ | AC13: no | AD13: no | AE13: no | AF13: no | AG13: no

Sheet Taxonomy
B2: Tool Name | D2: Granularity | L2: Measurement Sources | AK2: Allocation Model | AQ2: Virtualised environment support | AU2: Operational Constraints | BN2: Maturity and ecosystem
D3: Virtual Machine-Level | E3: Pod-Level | F3: Container-Level | G3: Application-Level (Sum of PIDs) | H3: Process-Level | I3: Thread-Level | J3: Code Section-Level (i.e. class, method) | L3: CPU | Q3: DRAM | V3: GPU | AA3: Network (NIC) | AF3: System | AK3: Activity Share Estimation | AO3: BaselineModelling and Calibration | AQ3: Pretrained Model | AR3: Two instances : host exposing VM-level metrics to guest through shared file | AS3: Delegated to another tool | AU3: Accuracy validation | AV3: Temporal resolution | AW3: Runtime overhead | AX3: Code modification | AY3: Privilege | AZ3: Platform Compatibility | BN3: Deployment complexity | BO3: Availability and licensing | BP3: Maintenance status | BQ3: Documentation quality | BR3: Case Studies | BS3: Community adoption | BT3: Extra Metrics
L4: Hardware-Level Energy Estimation | O4: Proxy for Hardware Activity Share of Software | Q4: Hardware-Level Energy Estimation | T4: Software Activity Share Proxy | V4: Hardware-Level Energy Estimation | Y4: Software Activity Share Proxy | AA4: Hardware-Level Energy Estimation | AD4: Software Activity Share Proxy | AF4: Hardware-Level Energy Estimation | AI4: Software Activity Share Proxy | AK4: Directly proportional to Proxy | AL4: Proxy Reconstruction | AM4: Statistical Sampling | AN4: Execution Time Markers | AZ4: Desktop/ Laptop | BA4: Server | BB4: Single Board Computer (e.g. Rasperry Pi) | BC4: x86 | BD4: ARM | BE4: Apple Silicon | BF4: OS | BI4: Virtual machines | BJ4: Containers | BK4: Kubernetes integration | BL4: Specific Language | BT4: Network I/O | BU4: Disk I/O | BV4: CO2e
L5: External Power Meter | M5: Hardware-Exposed Energy Interface | N5: Model -based | Q5: External Power Meter | R5: Hardware-Exposed Energy Interface | S5: Model -based | V5: External Power Meter | W5: Hardware-Exposed Energy Interface | X5: Model -based | AA5: External Power Meter | AB5: Hardware-Exposed Energy Interface | AC5: Model -based | AF5: External Power Meter | AG5: Hardware-Exposed Energy Interface | AH5: Model -based | BF5: Linux | BG5: Windows | BH5: MacOS
B7: Scaphandre | D7: ✗ | E7: ✗ | F7: ✗ | G7: ✗ | H7: ✗ | I7: no | J7: no | L7: no | M7: no | N7: no | O7: no | Q7: no | R7: no | S7: no | T7: no | V7: no | W7: no | X7: no | Y7: no | AA7: no | AB7: no | AC7: no | AD7: no | AF7: no | AG7: ✗(RAPL) | AH7: no | AI7: OS-provided PID CPU % | AK7: ✗ | AL7: no | AM7: no | AN7: no | AO7: no | AQ7: no | AR7: ✗ | AS7: no | AV7: 1Hz (Max 28Hz If modified as in (Raffin and Trystram 2024)) | AX7: no | AZ7: ✗ | BA7: ✗ | BB7: no | BC7: ✗ | BD7: no | BE7: no | BF7: ✗ | BG7: ✗ | BH7: no | BI7: ✗ | BJ7: ✗ | BK7: ✗ | BL7: no | BT7: no | BU7: ✗ | BV7: no
B8: Kepler ≥ 0.10 | D8: ✗ | E8: ✗ | F8: ✗ | G8: ✗ | H8: ✗ | I8: no | J8: no | L8: no | M8: ✗ (RAPL) | N8: ✗Regression-based models for VM deployment | O8: OS-provided PID CPU % Cgroups Stat | Q8: no | R8: ✗(RAPL) | S8: no | T8: OS-provided PID CPU % Cgroups Stat | V8: no | W8: ✗(NVLM) | X8: no | Y8: NVLM-provided (i.e. driver) per-process SM utilization | AA8: no | AB8: no | AC8: no | AD8: no | AF8: ✗(IPMI, ACPI) | AG8: no | AH8: Regression-based model | AI8: OS-provided PID CPU % Cgroups Stat | AK8: ✗ | AL8: no | AM8: no | AN8: no | AO8: Modeled and allocated proportionnaly to processes size | AQ8: Regression model (# cores and OS-provided Resource Utilisation metrics as input) | AR8: no ( (CNCF 2023) mentions a planned "passthrough" mode for VM deployment which expose VM energy in a shared file. | AS8: no | AU8: Reported MSE of 0.01 in (Amaral et al. 2023) | AV8: ~ms at RAPL read level Effective resolution = Prometheus scrape interval (typically 1s–30s depending on configuration) | AX8: no | AZ8: ✗ | BA8: ✗ | BB8: no | BC8: ✗ | BD8: no | BE8: no | BF8: ✗ | BG8: no | BH8: no | BI8: ✗ | BJ8: ✗ | BK8: ✗ | BL8: no | BN8: Runs as DaemonSet on each node Linux-based nodes required | BO8: Open-Source (CNCF Sandbox project) | BP8: Active (Last Commit in March 2026) | BQ8: Extensive Documentation (https://sustainable-computing.io/) | BR8: Centofanti, Carlo, José Santos, Venkateswarlu Gudepu, and Koteswararao Kondepu. 2024. ‘Impact of Power Consumption in Containerized Clouds: A Comprehensive Analysis of Open-Source Power Measurement Tools’. Computer Networks 245 (May): 110371. https://doi.org/10.1016/j.comnet.2024.110371. | BS8: Designed for edge/cloud/ K8s Operators | BT8: no | BU8: no | BV8: no
B9: Kepler ≤ v0.9 | D9: ✗ | E9: ✗ | F9: ✗ | G9: ✗ | H9: ✗ | I9: no | J9: no | L9: no | M9: ✗ (RAPL) | N9: ✗Regression-based models for VM deployment | O9: PID runtime + HPC vector (cycles, instructions, cache misses) through eBPF tracing | Q9: no | R9: ✗(RAPL) | S9: no | T9: PID runtime + HPC vector (cycles, instructions, cache misses) through eBPF tracing | V9: no | W9: ✗(NVLM) | X9: no | Y9: NVLM-provided (i.e. driver) per-process SM utilization | AA9: no | AB9: no | AC9: no | AD9: no | AF9: ✗(IPMI, ACPI) | AG9: no | AH9: Regression-based trained power model | AI9: PID runtime + HPC vector (cycles, instructions, cache misses) through eBPF tracing | AK9: no | AL9: ✗ (from HPC vector (cycles, instructions, cache misses)) | AM9: no | AN9: no | AO9: Modeled and allocated proportionnaly to processes size | AQ9: Regression model (# cores and OS-provided Resource Utilisation metrics as input) | AR9: no ( (CNCF 2023) mentions a planned "passthrough" mode for VM deployment which expose VM energy in a shared file. | AS9: no | AU9: Reported MSE of 0.01 in (Amaral et al. 2023) | AV9: eBPF data collected every 3s. | AX9: no | AZ9: ✗ | BA9: ✗ | BB9: no | BC9: ✗ | BD9: no | BE9: no | BF9: ✗ | BG9: no | BH9: no | BI9: ✗ | BJ9: ✗ | BK9: ✗ | BL9: no | BN9: Runs as DaemonSet on each node Linux-based nodes required | BO9: Open-Source (CNCF Sandbox project) | BP9: Active (Last Commit in March 2026) | BQ9: Extensive Documentation (https://sustainable-computing.io/) | BR9: Centofanti, Carlo, José Santos, Venkateswarlu Gudepu, and Koteswararao Kondepu. 2024. ‘Impact of Power Consumption in Containerized Clouds: A Comprehensive Analysis of Open-Source Power Measurement Tools’. Computer Networks 245 (May): 110371. https://doi.org/10.1016/j.comnet.2024.110371. | BS9: Designed for edge/cloud/ K8s Operators | BT9: no | BU9: no | BV9: no
B10: Green Metric Tool | D10: no | E10: no | F10: ✗ | G10: no | H10: no | I10: no | J10: ✗(SCI functionnality) | L10: ✗(Compatible with certain Metric Providers) | M10: ✗(RAPL) | N10: ✗1) XGBoost model (TDP, Machine Specs and CPU%) 2) Analytical Model(TDP, #CPUchips and CPU %) | O10: OS-provided PID CPU % Cgroups Stat Code Special Print (Code Section) | Q10: no | R10: ✗(RAPL) | S10: no | T10: OS-provided PID CPU % Cgroups Stat (Container) Code Special Print (Code Section) | V10: no | W10: ✗(NVLM) | X10: no | Y10: OS-provided PID CPU % Cgroups Stat Code Special Print (Code Section) | AA10: no | AB10: no | AC10: no | AD10: no | AF10: ✗ | AG10: ✗(RAPL PSYS Domain) | AH10: ✗1) XGBoost model (TDP, Machine Specs and CPU%) 2) Analytical Model(TDP, #CPUchips and CPU %) | AI10: OS-provided PID CPU % Cgroups Stat (container) Code Special Print (Code Section) | AK10: ✗ | AL10: no | AM10: no | AN10: ✗(SCI functionnality) | AO10: Modeled and allocated to container according to OS-provided PID CPU % | AQ10: 1) XGBoost model (# cores TDP, Machine Specs and CPU%) 2) Analytical Model(TDP, #CPUchips and CPU %) | AR10: no | AS10: no | AU10: Relative to metric providers : For RAPL which is extensively used by the GMT : https://www.green-coding.io/case-studies/rapl-and-sgx/ | AV10: ~ms Configurable for each metric provider (1ms for RAPL metric provider) | AW10: Designed to be low (uses containers). GMT allows to estimate it through a special script : calibrate.py | AX10: ✗(Manual : For SCI) | AY10: Run as Root Installs RAPL Kernel Module | AZ10: ✗ | BA10: ✗ | BB10: no | BC10: ✗ | BD10: Few Metric Providers with limited Accuracy | BE10: Depends on Metric Provider in Use | BF10: ✗ | BG10: no | BH10: no | BI10: ✗ | BJ10: ✗ | BK10: no | BL10: no | BN10: Python App + Redis DB + Web-based API & Front-end for data analysis Hosted Service (paid) | BO10: Open-Source | BP10: Active (Last Commit in Feb 2026) | BQ10: Extensive Documentation (https://docs.green-coding.io/) | BR10: Hoffmann, Geerd-Dietger, and Verena Majuntke. 2025. ‘Green Metrics Tool: Measuring for Fun and Profit’. arXiv:2506.23967. Preprint, arXiv, June 30. https://doi.org/10.48550/arXiv.2506.23967. Kayembe, Jason, Iness Ben Guirat, and Jan Tobias Mühlberg. 2025. ‘Exploring Privacy and Security as Drivers for Environmental Sustainability in Cloud-Based Office Solutions’. arXiv:2506.23866. Preprint, arXiv, July 4. https://doi.org/10.48550/arXiv.2506.23866. | BS10: Designed for developers to integrate SCI in dev Used in a few academic researches | BT10: ✗ | BU10: ✗ | BV10: ✗
B11: BitWatts (PowerAPI extension) | D11: ✗ | E11: no | F11: no | G11: ✗ | H11: ✗ | I11: no | J11: no | L11: no | M11: no | N11: ✗Polynomial regression based on per-PID-and-per-core-HPCs (unhalted cycles + reference cycles) and CPU frequency | O11: no | Q11: no | R11: no | S11: no | T11: no | V11: no | W11: no | X11: no | Y11: no | AA11: no | AB11: no | AC11: no | AD11: no | AF11: no | AG11: no | AH11: no | AI11: no | AK11: no | AL11: no | AM11: no | AN11: no | AO11: no | AQ11: no | AR11: ✗ | AS11: no | AU11: Reported 2% median error (Colmant et al. 2015) | AV11: 10hz | AW11: Reported average of 5.4W (Colmant et al. 2015) | AX11: no | AZ11: ✗ | BA11: ✗ | BB11: no | BC11: ✗ | BD11: no | BE11: no | BF11: ✗ | BG11: no | BH11: no | BI11: ✗ | BJ11: no | BK11: no | BL11: no | BT11: no | BU11: no | BV11: no
B13: e-Surgeon (PowerAPI) | D13: no | E13: no | F13: no | G13: no | H13: ✗ | I13: no | J13: no | L13: no | M13: no | N13: ✗ Linear Regression Model (HPC : "instructions", "cache references", "cache misses" | O13: OS-provided PID CPU % | Q13: no | R13: no | S13: no | T13: no | V13: no | W13: no | X13: no | Y13: no | AA13: no | AB13: no | AC13: ✗ | AD13: OS provided per-process (PID)Network I/O | AF13: no | AG13: no | AH13: ✗(TDP) | AI13: OS-provided PID CPU % | AK13: ✗ | AL13: no | AM13: no | AN13: no | AO13: no | AQ13: no | AR13: no | AS13: no | AU13: Reported in (Noureddine et al. 2012; (Noureddine et al. 2015)) | AV13: ~Monitoring Cycle of 1s mentioned in (Noureddine et al. 2012) | AW13: 1.79% Reported in (Noureddine et al. 2012; (Noureddine et al. 2015)) | AX13: no | AZ13: ✗ | BA13: ✗ | BB13: no | BC13: ✗ | BE13: no | BF13: ✗ | BG13: no | BH13: no | BI13: no | BJ13: no | BK13: no | BL13: no | BO13: Open-Source | BT13: ✗ | BU13: no | BV13: no
B14: BitWatts | D14: no | E14: no | F14: no | G14: no | H14: ✗ | I14: no | J14: no | L14: no | M14: no | N14: ✗HPC vector (cycles, instructions, cache misses) | O14: OS-provided PID CPU % | Q14: no | R14: no | S14: no | T14: no | V14: no | W14: no | X14: no | Y14: no | AA14: no | AB14: no | AC14: no | AD14: no | AF14: no | AG14: no | AH14: ✗ HPC (cycles, instructions, cache misses) vector | AI14: OS-provided PID CPU % | AK14: ✗ | AL14: no | AM14: no | AN14: no | AO14: no | AQ14: no | AR14: no | AS14: no | AV14: ~Monitoring Cycle of 1s mentioned in (Noureddine et al. 2012) | AW14: Reported in (Noureddine et al. 2012; (Noureddine et al. 2015)) | AX14: no | AZ14: ✗ | BA14: ✗ | BB14: no | BC14: ✗ | BE14: no | BF14: ✗ | BG14: no | BH14: no | BI14: no | BJ14: no | BK14: no | BL14: no | BO14: Open-Source | BT14: ✗ | BU14: no | BV14: no
B15: PowerJoular | D15: ✗ | E15: no | F15: no | G15: ✗ | H15: ✗ | I15: no | J15: no | L15: no | M15: ✗ (RAPL throush powercap) | N15: no | O15: OS-provided PID CPU % | Q15: no | R15: ✗(RAPL) | S15: no | T15: PID CPU % | V15: no | W15: ✗(NVIDIA-SMI, AMD-SMI) (computers and servers) | X15: no | Y15: PID GPU % (from driver API) | AA15: no | AB15: no | AC15: no | AD15: no | AF15: no | AG15: no | AH15: polynomial regression For Rasberry Pi | AI15: OS-provided PID CPU % | AK15: ✗ | AL15: no | AM15: no | AN15: no | AO15: no | AQ15: no | AR15: ✗ | AS15: no | AU15: btw 0.3% and 3.83% on RaspberryPie (Noureddine [2021] 2022) | AV15: ~1s | AW15: no : Not reported but supposed to be low (1s sampling rate + written in Ada (low carbon language(Noureddine [2021] 2022))) | AX15: no | AY15: Run as Root Use Powercap for RAPL access | AZ15: ✗ | BA15: ✗ | BB15: ✗ | BC15: ✗ | BD15: ✗(specific models) | BE15: no | BF15: ✗ | BG15: no | BH15: no | BI15: ✗ | BJ15: ✗ | BK15: no | BL15: no | BN15: Command line tool, export to csv | BO15: Open-Source | BP15: Active (Last Commit in 2026) | BQ15: Concice documentation : https://joular.github.io/powerjoular/overview.html | BR15: Noureddine, Adel. (2021) 2022. ‘PowerJoular and JoularJX: Multi-Platform Software Power Monitoring Tools’. In Proceedings of the 18th International Conference on Intelligent Environments, Ada. Intelligent Environments. March 22; IEEE, released. https://doi.org/10.1109/IE54923.2022.9826760. | BS15: Power Core is aimed to software developers, system administrators and to automated tools, with a goal to help these users understand the power consumption of their devices and software (Noureddine [2021] 2022) | BT15: no | BU15: no | BV15: no
B16: Joular Core | D16: ✗ | E16: no | F16: no | G16: ✗ | H16: ✗ | I16: no | J16: no | L16: no | M16: ✗ (RAPL (linux/windows) or powerMetrics (Mac)) | N16: no | O16: OS-provided PID CPU % | Q16: no | R16: ✗(RAPL) | S16: no | T16: PID CPU % | V16: no | W16: ✗(NVIDIA-SMI, AMD-SMI) (computers and servers) | X16: no | Y16: PID GPU % (from driver API) | AA16: no | AB16: no | AC16: no | AD16: no | AF16: no | AG16: ✗(RAPL) | AH16: polynomial regression For Rasberry Pi | AI16: OS-provided PID CPU % | AK16: ✗ | AL16: no | AM16: no | AN16: no | AO16: Modeled and substracted before allocation | AQ16: no | AR16: ✗ | AS16: no | AU16: no | AV16: ~1s | AW16: no | AX16: no | AZ16: ✗ | BA16: ✗ | BB16: ✗ | BC16: ✗ | BD16: ✗ | BE16: ✗ | BF16: ✗ | BG16: ✗ | BH16: ✗ | BI16: ✗ | BJ16: ✗ | BK16: no | BL16: no | BN16: Command line tool or Gui | BO16: Open-Source | BP16: Active (Last Commit 2026) | BQ16: Concice documentation : https://joular.github.io/joularcore/ | BS16: Power Core is aimed to software developers, system administrators and to automated tools, with a goal to help these users understand the power consumption of their devices and software (Noureddine [2021] 2022) | BT16: no | BU16: no | BV16: no
B18: e-Surgeon (eJalen) | D18: no | E18: no | F18: no | G18: no | H18: no | I18: ✗ | J18: ✗ | L18: no | M18: no | N18: ✗ (TDP) Through PowerAPI | O18: 1) Time Markers : JVM byte code instrumentation / 2) Call stack | Q18: no | R18: no | S18: no | T18: no | V18: no | W18: no | X18: no | Y18: no | AA18: no | AB18: no | AC18: ✗(Through PowerAPI) | AD18: getInputStream() getOutputStream() calls | AF18: no | AG18: no | AH18: no | AI18: no | AK18: ✗ (For NIC) | AL18: no | AM18: ✗(for CPU : call-stack sampling version) | AN18: ✗ (for CPU : bytecode instrumentation version) | AO18: no | AQ18: no | AR18: no | AS18: no | AU18: Reported in (Noureddine et al. 2012; (Noureddine et al. 2015)) | AV18: ~Monitoring Cycle of 1s mentioned in (Noureddine et al. 2012) | AW18: 380% : Reported in (Noureddine et al. 2012; (Noureddine et al. 2015)) | AX18: ✗ (Automatic : Byte Code Instrumentation version ) | AZ18: ✗ | BA18: ✗ | BB18: no | BC18: ✗ | BE18: no | BI18: no | BJ18: no | BK18: no | BL18: Java | BO18: Open-Source | BT18: ✗ | BU18: no | BV18: no
B19: JoularJX | D19: no | E19: no | F19: no | G19: no | H19: no | I19: ✗ | J19: ✗ | L19: no | M19: ✗ (RAPL through powercap) | N19: no | O19: 1) OS-provided PID CPU % for Java Threads through JVM instrumentation 2) Call Stack | Q19: no | R19: ✗(RAPL) Through Power Joular | S19: no | T19: 1) OS-provided PID CPU % for Java Threads through JVM instrumentation 2) Statistical sampling of thread stack trace | V19: no | W19: ✗(NVIDIA SMI) (computers and servers through Power Joular | X19: no | Y19: 1) OS-provided PID CPU % for Java Threads through JVM instrumentation 2) Statistical sampling of thread stack trace | AA19: no | AB19: no | AC19: no | AD19: no | AF19: no | AG19: no | AH19: polynomial regression For Rasberry Pi | AI19: 1) OS-provided PID CPU % for Java Threads through JVM instrumentation 2) Statistical sampling of thread stack trace | AK19: ✗(for threads) | AL19: no | AM19: ✗ | AN19: no | AO19: no | AQ19: no | AR19: no | AS19: Uses PowerJoular | AV19: ~10ms (code section) ~1s (thread) | AX19: no | AZ19: ✗ | BA19: ✗ | BB19: ✗ | BC19: ✗ | BD19: ✗(specific models) | BE19: no | BF19: ✗ | BG19: ✗ | BH19: ✗ | BI19: ✗ | BJ19: ✗ | BK19: no | BL19: Java | BN19: Command line tool, export to csv | BO19: Open-Source | BP19: Active (Last Commit in 2026) | BQ19: Concice documentation : https://joular.github.io/powerjoular/overview.html | BS19: Designed for software Developements | BT19: no | BU19: no | BV19: no
B20: IgProf (Energy module) | D20: ✗ | E20: no | F20: no | G20: ✗ | H20: ✗ | I20: ✗ | J20: ✗ | L20: no | M20: ✗ (RAPL throush PAPI) | N20: no | O20: Call stack | Q20: no | R20: ✗(RAPL) | S20: no | T20: Call stack sampling | V20: no | W20: no | X20: no | Y20: no | AA20: no | AB20: no | AC20: no | AD20: no | AF20: no | AG20: ✗ (RAPL throush PAPI) | AH20: no | AI20: Call stack sampling | AK20: no | AL20: no | AM20: ✗(1) Allocate all RAPL system energy to process it is attached to 2) Statistical Sampling (stack trace) to allocate energy to functions) | AN20: no | AO20: no | AQ20: no | AR20: no | AS20: no | AU20: Qualitatively Reported in (Khan et al. 2015) | AV20: ~5ms sampling interval in (Khan et al. 2015) | AX20: no | AY20: User Mode: Queries RAPL through PAPI | AZ20: ✗ | BA20: ✗ | BB20: no | BC20: ✗ | BD20: no | BE20: no | BI20: no | BJ20: no | BK20: no | BL20: no | BN20: Runs as an attached library to the profiled process | BO20: Open-Source | BP20: Not maintained since 2024 | BQ20: Limited to not existing for the energy module (https://igprof.org/index.html) | BR20: Khan, Kashif, Filip Nybäck, Zhonghong Ou, et al. 2015. Energy Profiling Using IgProf. In Proceedings - 2015 IEEE/ACM 15th International Symposium on Cluster, Cloud, and Grid Computing, CCGrid 2015. https://doi.org/10.1109/CCGrid.2015.118. | BT20: no | BU20: no | BV20: no
B21: jRAPL | D21: no | E21: no | F21: no | G21: no | H21: no | I21: no | J21: ✗ | L21: no | M21: ✗ (RAPL through linux MSR kernel module) | N21: no | O21: Time Markers | Q21: no | R21: ✗ (RAPL through linux MSR kernel module) | S21: no | T21: Time Markers | V21: no | W21: no | X21: no | Y21: no | AA21: no | AB21: no | AC21: no | AD21: no | AF21: no | AG21: ✗ (RAPL through linux MSR kernel module) | AH21: no | AI21: Time Markers | AK21: no | AL21: no | AM21: no | AN21: ✗ | AO21: no | AQ21: no | AR21: no | AS21: no | AU21: no | AV21: ~1ms | AW21: no | AX21: ✗(Manual) | AY21: "Run as Root Installs RAPL Kernel Module" | AZ21: ✗ | BA21: ✗ | BB21: no | BC21: ✗ | BD21: no | BE21: no | BF21: ✗ | BG21: no | BH21: no | BI21: no | BJ21: no | BK21: no | BL21: Java | BN21: Java Library to load from any Java source code. Developer just needs to put API calls (statCheck) before and after a code block. The energy consumption is the difference between the two readings | BO21: Open-Source | BP21: Not maintained since 2018 | BQ21: Limited | BR21: Liu, Kenan, Gustavo Pinto, and Yu David Liu. 2015. ‘Data-Oriented Characterization of Application-Level Energy Optimization’. In Fundamental Approaches to Software Engineering, edited by Alexander Egyed and Ina Schaefer. Springer. https://doi.org/10.1007/978-3-662-46675-9_21. | BS21: Designed for software Developements | BT21: no | BU21: no | BV21: no

Sheet Design Space
C6: Tool Name | E6: Granularity | M6: Measurement Sources | AL6: Allocation Model | AR6: Virtualised environment support
E7: Virtual Machine-Level | F7: Pod-Level | G7: Container-Level | H7: Application-Level (Sum of PIDs) | I7: Process-Level | J7: Thread-Level | K7: Code Section-Level | M7: CPU | R7: DRAM | W7: GPU | AB7: Network (NIC) | AG7: System | AL7: Activity Share Estimation | AP7: Baseline Modelling and Calibration | AR7: Pretrained Model | AS7: Two instances : host exposing VM-level metrics to guest through shared file | AT7: Delegated to another tool
M8: Hardware-Level Energy Estimation | P8: Software Activity Share Proxy | R8: Hardware-Level Energy Estimation | U8: Software Activity Share Proxy | W8: Hardware-Level Energy Estimation | Z8: Software Activity Share Proxy | AB8: Hardware-Level Energy Estimation | AE8: Software Activity Share Proxy | AG8: Hardware-Level Energy Estimation | AJ8: Software Activity Share Proxy | AL8: Directly proportional to Proxy | AM8: Proxy Reconstruction | AN8: Statistical Sampling | AO8: Execution Time Markers
M9: External Power Meter | N9: Hardware-Exposed Energy Interface | O9: Model -based | R9: External Power Meter | S9: Hardware-Exposed Energy Interface | T9: Model -based | W9: External Power Meter | X9: Hardware-Exposed Energy Interface | Y9: Model -based | AB9: External Power Meter | AC9: Hardware-Exposed Energy Interface | AD9: Model -based | AG9: External Power Meter | AH9: Hardware-Exposed Energy Interface | AI9: Model -based
C11: Scaphandre | E11: =Taxonomy!D7 -> ✗ | F11: =Taxonomy!E7 -> ✗ | G11: =Taxonomy!F7 -> ✗ | H11: =Taxonomy!G7 -> ✗ | I11: =Taxonomy!H7 -> ✗ | J11: =Taxonomy!I7 -> no | K11: =Taxonomy!J7 -> no | M11: =Taxonomy!L7 -> no | N11: =Taxonomy!M7 -> no | O11: =Taxonomy!N7 -> no | P11: =Taxonomy!O7 -> no | R11: =Taxonomy!Q7 -> no | S11: =Taxonomy!R7 -> no | T11: =Taxonomy!S7 -> no | U11: =Taxonomy!T7 -> no | W11: =Taxonomy!V7 -> no | X11: =Taxonomy!W7 -> no | Y11: =Taxonomy!X7 -> no | Z11: =Taxonomy!Y7 -> no | AB11: =Taxonomy!AA7 -> no | AC11: =Taxonomy!AB7 -> no | AD11: =Taxonomy!AC7 -> no | AE11: =Taxonomy!AD7 -> no | AG11: =Taxonomy!AF7 -> no | AH11: =Taxonomy!AG7 -> ✗(RAPL) | AI11: =Taxonomy!AH7 -> no | AJ11: =Taxonomy!AI7 -> OS-provided PID CPU % | AL11: =Taxonomy!AK7 -> ✗ | AM11: =Taxonomy!AL7 -> no | AN11: =Taxonomy!AM7 -> no | AO11: =Taxonomy!AN7 -> no | AP11: =Taxonomy!AO7 -> no | AR11: =Taxonomy!AQ7 -> no | AS11: =Taxonomy!AR7 -> ✗ | AT11: =Taxonomy!AS7 -> no
C12: Kepler ≥ 0.10 | E12: =Taxonomy!D8 -> ✗ | F12: =Taxonomy!E8 -> ✗ | G12: =Taxonomy!F8 -> ✗ | H12: =Taxonomy!G8 -> ✗ | I12: =Taxonomy!H8 -> ✗ | J12: =Taxonomy!I8 -> no | K12: =Taxonomy!J8 -> no | M12: =Taxonomy!L8 -> no | N12: =Taxonomy!M8 -> ✗ (RAPL) | O12: =Taxonomy!N8 -> ✗Regression-based models for VM deployment | P12: =Taxonomy!O8 -> OS-provided PID CPU % Cgroups Stat | R12: =Taxonomy!Q8 -> no | S12: =Taxonomy!R8 -> ✗(RAPL) | T12: =Taxonomy!S8 -> no | U12: =Taxonomy!T8 -> OS-provided PID CPU % Cgroups Stat | W12: =Taxonomy!V8 -> no | X12: =Taxonomy!W8 -> ✗(NVLM) | Y12: =Taxonomy!X8 -> no | Z12: =Taxonomy!Y8 -> NVLM-provided (i.e. driver) per-process SM utilization | AB12: =Taxonomy!AA8 -> no | AC12: =Taxonomy!AB8 -> no | AD12: =Taxonomy!AC8 -> no | AE12: =Taxonomy!AD8 -> no | AG12: =Taxonomy!AF8 -> ✗(IPMI, ACPI) | AH12: =Taxonomy!AG8 -> no | AI12: =Taxonomy!AH8 -> Regression-based model | AJ12: =Taxonomy!AI8 -> OS-provided PID CPU % Cgroups Stat | AL12: =Taxonomy!AK8 -> ✗ | AM12: =Taxonomy!AL8 -> no | AN12: =Taxonomy!AM8 -> no | AO12: =Taxonomy!AN8 -> no | AP12: =Taxonomy!AO8 -> Modeled and allocated proportionnaly to processes size | AR12: =Taxonomy!AQ8 -> Regression model (# cores and OS-provided Resource Utilisation metrics as input) | AS12: =Taxonomy!AR8 -> no ( (CNCF 2023) mentions a planned "passthrough" mode for VM deployment which expose VM energy in a shared file. | AT12: =Taxonomy!AS8 -> no
C13: Kepler ≤ v0.9 | E13: =Taxonomy!D9 -> ✗ | F13: =Taxonomy!E9 -> ✗ | G13: =Taxonomy!F9 -> ✗ | H13: =Taxonomy!G9 -> ✗ | I13: =Taxonomy!H9 -> ✗ | J13: =Taxonomy!I9 -> no | K13: =Taxonomy!J9 -> no | M13: =Taxonomy!L9 -> no | N13: =Taxonomy!M9 -> ✗ (RAPL) | O13: =Taxonomy!N9 -> ✗Regression-based models for VM deployment | P13: =Taxonomy!O9 -> PID runtime + HPC vector (cycles, instructions, cache misses) through eBPF tracing | R13: =Taxonomy!Q9 -> no | S13: =Taxonomy!R9 -> ✗(RAPL) | T13: =Taxonomy!S9 -> no | U13: =Taxonomy!T9 -> PID runtime + HPC vector (cycles, instructions, cache misses) through eBPF tracing | W13: =Taxonomy!V9 -> no | X13: =Taxonomy!W9 -> ✗(NVLM) | Y13: =Taxonomy!X9 -> no | Z13: =Taxonomy!Y9 -> NVLM-provided (i.e. driver) per-process SM utilization | AB13: =Taxonomy!AA9 -> no | AC13: =Taxonomy!AB9 -> no | AD13: =Taxonomy!AC9 -> no | AE13: =Taxonomy!AD9 -> no | AG13: =Taxonomy!AF9 -> ✗(IPMI, ACPI) | AH13: =Taxonomy!AG9 -> no | AI13: =Taxonomy!AH9 -> Regression-based trained power model | AJ13: =Taxonomy!AI9 -> PID runtime + HPC vector (cycles, instructions, cache misses) through eBPF tracing | AL13: =Taxonomy!AK9 -> no | AM13: =Taxonomy!AL9 -> ✗ (from HPC vector (cycles, instructions, cache misses)) | AN13: =Taxonomy!AM9 -> no | AO13: =Taxonomy!AN9 -> no | AP13: =Taxonomy!AO9 -> Modeled and allocated proportionnaly to processes size | AR13: =Taxonomy!AQ9 -> Regression model (# cores and OS-provided Resource Utilisation metrics as input) | AS13: =Taxonomy!AR9 -> no ( (CNCF 2023) mentions a planned "passthrough" mode for VM deployment which expose VM energy in a shared file. | AT13: =Taxonomy!AS9 -> no
C14: Green Metric Tool | E14: =Taxonomy!D10 -> no | F14: =Taxonomy!E10 -> no | G14: =Taxonomy!F10 -> ✗ | H14: =Taxonomy!G10 -> no | I14: =Taxonomy!H10 -> no | J14: =Taxonomy!I10 -> no | K14: =Taxonomy!J10 -> ✗(SCI functionnality) | M14: =Taxonomy!L10 -> ✗(Compatible with certain Metric Providers) | N14: =Taxonomy!M10 -> ✗(RAPL) | O14: =Taxonomy!N10 -> ✗1) XGBoost model (TDP, Machine Specs and CPU%) 2) Analytical Model(TDP, #CPUchips and CPU %) | P14: =Taxonomy!O10 -> OS-provided PID CPU % Cgroups Stat Code Special Print (Code Section) | R14: =Taxonomy!Q10 -> no | S14: =Taxonomy!R10 -> ✗(RAPL) | T14: =Taxonomy!S10 -> no | U14: =Taxonomy!T10 -> OS-provided PID CPU % Cgroups Stat (Container) Code Special Print (Code Section) | W14: =Taxonomy!V10 -> no | X14: =Taxonomy!W10 -> ✗(NVLM) | Y14: =Taxonomy!X10 -> no | Z14: =Taxonomy!Y10 -> OS-provided PID CPU % Cgroups Stat Code Special Print (Code Section) | AB14: =Taxonomy!AA10 -> no | AC14: =Taxonomy!AB10 -> no | AD14: =Taxonomy!AC10 -> no | AE14: =Taxonomy!AD10 -> no | AG14: =Taxonomy!AF10 -> ✗ | AH14: =Taxonomy!AG10 -> ✗(RAPL PSYS Domain) | AI14: =Taxonomy!AH10 -> ✗1) XGBoost model (TDP, Machine Specs and CPU%) 2) Analytical Model(TDP, #CPUchips and CPU %) | AJ14: =Taxonomy!AI10 -> OS-provided PID CPU % Cgroups Stat (container) Code Special Print (Code Section) | AL14: =Taxonomy!AK10 -> ✗ | AM14: =Taxonomy!AL10 -> no | AN14: =Taxonomy!AM10 -> no | AO14: =Taxonomy!AN10 -> ✗(SCI functionnality) | AP14: =Taxonomy!AO10 -> Modeled and allocated to container according to OS-provided PID CPU % | AR14: =Taxonomy!AQ10 -> 1) XGBoost model (# cores TDP, Machine Specs and CPU%) 2) Analytical Model(TDP, #CPUchips and CPU %) | AS14: =Taxonomy!AR10 -> no | AT14: =Taxonomy!AS10 -> no
C16: e-Surgeon (PowerAPI) | E16: =Taxonomy!D13 -> no | F16: =Taxonomy!E13 -> no | G16: =Taxonomy!F13 -> no | H16: =Taxonomy!G13 -> no | I16: =Taxonomy!H13 -> ✗ | J16: =Taxonomy!I13 -> no | K16: =Taxonomy!J13 -> no | M16: =Taxonomy!L13 -> no | N16: =Taxonomy!M13 -> no | O16: =Taxonomy!N13 -> ✗ Linear Regression Model (HPC : "instructions", "cache references", "cache misses" | P16: =Taxonomy!O13 -> OS-provided PID CPU % | R16: =Taxonomy!Q13 -> no | S16: =Taxonomy!R13 -> no | T16: =Taxonomy!S13 -> no | U16: =Taxonomy!T13 -> no | W16: =Taxonomy!V13 -> no | X16: =Taxonomy!W13 -> no | Y16: =Taxonomy!X13 -> no | Z16: =Taxonomy!Y13 -> no | AB16: =Taxonomy!AA13 -> no | AC16: =Taxonomy!AB13 -> no | AD16: =Taxonomy!AC13 -> ✗ | AE16: =Taxonomy!AD13 -> OS provided per-process (PID)Network I/O | AG16: =Taxonomy!AF13 -> no | AH16: =Taxonomy!AG13 -> no | AI16: =Taxonomy!AH13 -> ✗(TDP) | AJ16: =Taxonomy!AI13 -> OS-provided PID CPU % | AL16: =Taxonomy!AK13 -> ✗ | AM16: =Taxonomy!AL13 -> no | AN16: =Taxonomy!AM13 -> no | AO16: =Taxonomy!AN13 -> no | AP16: =Taxonomy!AO13 -> no | AR16: =Taxonomy!AQ13 -> no | AS16: =Taxonomy!AR13 -> no | AT16: =Taxonomy!AS13 -> no
C17: BitWatts | E17: =Taxonomy!D14 -> no | F17: =Taxonomy!E14 -> no | G17: =Taxonomy!F14 -> no | H17: =Taxonomy!G14 -> no | I17: =Taxonomy!H14 -> ✗ | J17: =Taxonomy!I14 -> no | K17: =Taxonomy!J14 -> no | M17: =Taxonomy!L14 -> no | N17: =Taxonomy!M14 -> no | O17: =Taxonomy!N14 -> ✗HPC vector (cycles, instructions, cache misses) | P17: =Taxonomy!O14 -> OS-provided PID CPU % | R17: =Taxonomy!Q14 -> no | S17: =Taxonomy!R14 -> no | T17: =Taxonomy!S14 -> no | U17: =Taxonomy!T14 -> no | W17: =Taxonomy!V14 -> no | X17: =Taxonomy!W14 -> no | Y17: =Taxonomy!X14 -> no | Z17: =Taxonomy!Y14 -> no | AB17: =Taxonomy!AA14 -> no | AC17: =Taxonomy!AB14 -> no | AD17: =Taxonomy!AC14 -> no | AE17: =Taxonomy!AD14 -> no | AG17: =Taxonomy!AF14 -> no | AH17: =Taxonomy!AG14 -> no | AI17: =Taxonomy!AH14 -> ✗ HPC (cycles, instructions, cache misses) vector | AJ17: =Taxonomy!AI14 -> OS-provided PID CPU % | AL17: =Taxonomy!AK14 -> ✗ | AM17: =Taxonomy!AL14 -> no | AN17: =Taxonomy!AM14 -> no | AO17: =Taxonomy!AN14 -> no | AP17: =Taxonomy!AO14 -> no | AR17: =Taxonomy!AQ14 -> no | AS17: =Taxonomy!AR14 -> no | AT17: =Taxonomy!AS14 -> no
C18: PowerJoular | E18: =Taxonomy!D15 -> ✗ | F18: =Taxonomy!E15 -> no | G18: =Taxonomy!F15 -> no | H18: =Taxonomy!G15 -> ✗ | I18: =Taxonomy!H15 -> ✗ | J18: =Taxonomy!I15 -> no | K18: =Taxonomy!J15 -> no | M18: =Taxonomy!L15 -> no | N18: =Taxonomy!M15 -> ✗ (RAPL throush powercap) | O18: =Taxonomy!N15 -> no | P18: =Taxonomy!O15 -> OS-provided PID CPU % | R18: =Taxonomy!Q15 -> no | S18: =Taxonomy!R15 -> ✗(RAPL) | T18: =Taxonomy!S15 -> no | U18: =Taxonomy!T15 -> PID CPU % | W18: =Taxonomy!V15 -> no | X18: =Taxonomy!W15 -> ✗(NVIDIA-SMI, AMD-SMI) (computers and servers) | Y18: =Taxonomy!X15 -> no | Z18: =Taxonomy!Y15 -> PID GPU % (from driver API) | AB18: =Taxonomy!AA15 -> no | AC18: =Taxonomy!AB15 -> no | AD18: =Taxonomy!AC15 -> no | AE18: =Taxonomy!AD15 -> no | AG18: =Taxonomy!AF15 -> no | AH18: =Taxonomy!AG15 -> no | AI18: =Taxonomy!AH15 -> polynomial regression For Rasberry Pi | AJ18: =Taxonomy!AI15 -> OS-provided PID CPU % | AL18: =Taxonomy!AK15 -> ✗ | AM18: =Taxonomy!AL15 -> no | AN18: =Taxonomy!AM15 -> no | AO18: =Taxonomy!AN15 -> no | AP18: =Taxonomy!AO15 -> no | AR18: =Taxonomy!AQ15 -> no | AS18: =Taxonomy!AR15 -> ✗ | AT18: =Taxonomy!AS15 -> no
C19: Joular Core | E19: =Taxonomy!D16 -> ✗ | F19: =Taxonomy!E16 -> no | G19: =Taxonomy!F16 -> no | H19: =Taxonomy!G16 -> ✗ | I19: =Taxonomy!H16 -> ✗ | J19: =Taxonomy!I16 -> no | K19: =Taxonomy!J16 -> no | M19: =Taxonomy!L16 -> no | N19: =Taxonomy!M16 -> ✗ (RAPL (linux/windows) or powerMetrics (Mac)) | O19: =Taxonomy!N16 -> no | P19: =Taxonomy!O16 -> OS-provided PID CPU % | R19: =Taxonomy!Q16 -> no | S19: =Taxonomy!R16 -> ✗(RAPL) | T19: =Taxonomy!S16 -> no | U19: =Taxonomy!T16 -> PID CPU % | W19: =Taxonomy!V16 -> no | X19: =Taxonomy!W16 -> ✗(NVIDIA-SMI, AMD-SMI) (computers and servers) | Y19: =Taxonomy!X16 -> no | Z19: =Taxonomy!Y16 -> PID GPU % (from driver API) | AB19: =Taxonomy!AA16 -> no | AC19: =Taxonomy!AB16 -> no | AD19: =Taxonomy!AC16 -> no | AE19: =Taxonomy!AD16 -> no | AG19: =Taxonomy!AF16 -> no | AH19: =Taxonomy!AG16 -> ✗(RAPL) | AI19: =Taxonomy!AH16 -> polynomial regression For Rasberry Pi | AJ19: =Taxonomy!AI16 -> OS-provided PID CPU % | AL19: =Taxonomy!AK16 -> ✗ | AM19: =Taxonomy!AL16 -> no | AN19: =Taxonomy!AM16 -> no | AO19: =Taxonomy!AN16 -> no | AP19: =Taxonomy!AO16 -> Modeled and substracted before allocation | AR19: =Taxonomy!AQ16 -> no | AS19: =Taxonomy!AR16 -> ✗ | AT19: =Taxonomy!AS16 -> no
C21: e-Surgeon (eJalen) | E21: =Taxonomy!D18 -> no | F21: =Taxonomy!E18 -> no | G21: =Taxonomy!F18 -> no | H21: =Taxonomy!G18 -> no | I21: =Taxonomy!H18 -> no | J21: =Taxonomy!I18 -> ✗ | K21: =Taxonomy!J18 -> ✗ | M21: =Taxonomy!L18 -> no | N21: =Taxonomy!M18 -> no | O21: =Taxonomy!N18 -> ✗ (TDP) Through PowerAPI | P21: =Taxonomy!O18 -> 1) Time Markers : JVM byte code instrumentation / 2) Call stack | R21: =Taxonomy!Q18 -> no | S21: =Taxonomy!R18 -> no | T21: =Taxonomy!S18 -> no | U21: =Taxonomy!T18 -> no | W21: =Taxonomy!V18 -> no | X21: =Taxonomy!W18 -> no | Y21: =Taxonomy!X18 -> no | Z21: =Taxonomy!Y18 -> no | AB21: =Taxonomy!AA18 -> no | AC21: =Taxonomy!AB18 -> no | AD21: =Taxonomy!AC18 -> ✗(Through PowerAPI) | AE21: =Taxonomy!AD18 -> getInputStream() getOutputStream() calls | AG21: =Taxonomy!AF18 -> no | AH21: =Taxonomy!AG18 -> no | AI21: =Taxonomy!AH18 -> no | AJ21: =Taxonomy!AI18 -> no | AL21: =Taxonomy!AK18 -> ✗ (For NIC) | AM21: =Taxonomy!AL18 -> no | AN21: =Taxonomy!AM18 -> ✗(for CPU : call-stack sampling version) | AO21: =Taxonomy!AN18 -> ✗ (for CPU : bytecode instrumentation version) | AP21: =Taxonomy!AO18 -> no | AR21: =Taxonomy!AQ18 -> no | AS21: =Taxonomy!AR18 -> no | AT21: =Taxonomy!AS18 -> no
C22: JoularJX | E22: =Taxonomy!D19 -> no | F22: =Taxonomy!E19 -> no | G22: =Taxonomy!F19 -> no | H22: =Taxonomy!G19 -> no | I22: =Taxonomy!H19 -> no | J22: =Taxonomy!I19 -> ✗ | K22: =Taxonomy!J19 -> ✗ | M22: =Taxonomy!L19 -> no | N22: =Taxonomy!M19 -> ✗ (RAPL through powercap) | O22: =Taxonomy!N19 -> no | P22: =Taxonomy!O19 -> 1) OS-provided PID CPU % for Java Threads through JVM instrumentation 2) Call Stack | R22: =Taxonomy!Q19 -> no | S22: =Taxonomy!R19 -> ✗(RAPL) Through Power Joular | T22: =Taxonomy!S19 -> no | U22: =Taxonomy!T19 -> 1) OS-provided PID CPU % for Java Threads through JVM instrumentation 2) Statistical sampling of thread stack trace | W22: =Taxonomy!V19 -> no | X22: =Taxonomy!W19 -> ✗(NVIDIA SMI) (computers and servers through Power Joular | Y22: =Taxonomy!X19 -> no | Z22: =Taxonomy!Y19 -> 1) OS-provided PID CPU % for Java Threads through JVM instrumentation 2) Statistical sampling of thread stack trace | AB22: =Taxonomy!AA19 -> no | AC22: =Taxonomy!AB19 -> no | AD22: =Taxonomy!AC19 -> no | AE22: =Taxonomy!AD19 -> no | AG22: =Taxonomy!AF19 -> no | AH22: =Taxonomy!AG19 -> no | AI22: =Taxonomy!AH19 -> polynomial regression For Rasberry Pi | AJ22: =Taxonomy!AI19 -> 1) OS-provided PID CPU % for Java Threads through JVM instrumentation 2) Statistical sampling of thread stack trace | AL22: =Taxonomy!AK19 -> ✗(for threads) | AM22: =Taxonomy!AL19 -> no | AN22: =Taxonomy!AM19 -> ✗ | AO22: =Taxonomy!AN19 -> no | AP22: =Taxonomy!AO19 -> no | AR22: =Taxonomy!AQ19 -> no | AS22: =Taxonomy!AR19 -> no | AT22: =Taxonomy!AS19 -> Uses PowerJoular
C23: IgProf (Energy module) | E23: =Taxonomy!D20 -> ✗ | F23: =Taxonomy!E20 -> no | G23: =Taxonomy!F20 -> no | H23: =Taxonomy!G20 -> ✗ | I23: =Taxonomy!H20 -> ✗ | J23: =Taxonomy!I20 -> ✗ | K23: =Taxonomy!J20 -> ✗ | M23: =Taxonomy!L20 -> no | N23: =Taxonomy!M20 -> ✗ (RAPL throush PAPI) | O23: =Taxonomy!N20 -> no | P23: =Taxonomy!O20 -> Call stack | R23: =Taxonomy!Q20 -> no | S23: =Taxonomy!R20 -> ✗(RAPL) | T23: =Taxonomy!S20 -> no | U23: =Taxonomy!T20 -> Call stack sampling | W23: =Taxonomy!V20 -> no | X23: =Taxonomy!W20 -> no | Y23: =Taxonomy!X20 -> no | Z23: =Taxonomy!Y20 -> no | AB23: =Taxonomy!AA20 -> no | AC23: =Taxonomy!AB20 -> no | AD23: =Taxonomy!AC20 -> no | AE23: =Taxonomy!AD20 -> no | AG23: =Taxonomy!AF20 -> no | AH23: =Taxonomy!AG20 -> ✗ (RAPL throush PAPI) | AI23: =Taxonomy!AH20 -> no | AJ23: =Taxonomy!AI20 -> Call stack sampling | AL23: =Taxonomy!AK20 -> no | AM23: =Taxonomy!AL20 -> no | AN23: =Taxonomy!AM20 -> ✗(1) Allocate all RAPL system energy to process it is attached to 2) Statistical Sampling (stack trace) to allocate energy to functions) | AO23: =Taxonomy!AN20 -> no | AP23: =Taxonomy!AO20 -> no | AR23: =Taxonomy!AQ20 -> no | AS23: =Taxonomy!AR20 -> no | AT23: =Taxonomy!AS20 -> no
C24: jRAPL | E24: =Taxonomy!D21 -> no | F24: =Taxonomy!E21 -> no | G24: =Taxonomy!F21 -> no | H24: =Taxonomy!G21 -> no | I24: =Taxonomy!H21 -> no | J24: =Taxonomy!I21 -> no | K24: =Taxonomy!J21 -> ✗ | M24: =Taxonomy!L21 -> no | N24: =Taxonomy!M21 -> ✗ (RAPL through linux MSR kernel module) | O24: =Taxonomy!N21 -> no | P24: =Taxonomy!O21 -> Time Markers | R24: =Taxonomy!Q21 -> no | S24: =Taxonomy!R21 -> ✗ (RAPL through linux MSR kernel module) | T24: =Taxonomy!S21 -> no | U24: =Taxonomy!T21 -> Time Markers | W24: =Taxonomy!V21 -> no | X24: =Taxonomy!W21 -> no | Y24: =Taxonomy!X21 -> no | Z24: =Taxonomy!Y21 -> no | AB24: =Taxonomy!AA21 -> no | AC24: =Taxonomy!AB21 -> no | AD24: =Taxonomy!AC21 -> no | AE24: =Taxonomy!AD21 -> no | AG24: =Taxonomy!AF21 -> no | AH24: =Taxonomy!AG21 -> ✗ (RAPL through linux MSR kernel module) | AI24: =Taxonomy!AH21 -> no | AJ24: =Taxonomy!AI21 -> Time Markers | AL24: =Taxonomy!AK21 -> no | AM24: =Taxonomy!AL21 -> no | AN24: =Taxonomy!AM21 -> no | AO24: =Taxonomy!AN21 -> ✗ | AP24: =Taxonomy!AO21 -> no | AR24: =Taxonomy!AQ21 -> no | AS24: =Taxonomy!AR21 -> no | AT24: =Taxonomy!AS21 -> no

Sheet Design Space - Vertical
D9: Profiler | I9: Scaphandre | J9: Keple ≥ 0.10 | K9: Kepler ≤ v0.9 | L9: Green Metric Tool | N9: e-Surgeon (PowerAPI) | O9: BitWatts | P9: PowerJoular | Q9: Joular Core | S9: e-Surgeon (eJalen) | T9: JoularJX | U9: IgProf (Energy module) | V9: jRAPL
D11: Granularity | E11: Virtual Machine-Level | I11: =Taxonomy!D7 -> ✗ | J11: =Taxonomy!D8 -> ✗ | K11: =Taxonomy!D9 -> ✗ | L11: =Taxonomy!D10 -> no | N11: =Taxonomy!D13 -> no | O11: =Taxonomy!D14 -> no | P11: =Taxonomy!D15 -> ✗ | Q11: =Taxonomy!D16 -> ✗ | S11: =Taxonomy!D18 -> no | T11: =Taxonomy!D19 -> no | U11: =Taxonomy!D20 -> ✗ | V11: =Taxonomy!D21 -> no
E12: Pod-Level | I12: =Taxonomy!E7 -> ✗ | J12: =Taxonomy!E8 -> ✗ | K12: =Taxonomy!E9 -> ✗ | L12: =Taxonomy!E10 -> no | N12: =Taxonomy!E13 -> no | O12: =Taxonomy!E14 -> no | P12: =Taxonomy!E15 -> no | Q12: =Taxonomy!E16 -> no | S12: =Taxonomy!E18 -> no | T12: =Taxonomy!E19 -> no | U12: =Taxonomy!E20 -> no | V12: =Taxonomy!E21 -> no
E13: Container-Level | I13: =Taxonomy!F7 -> ✗ | J13: =Taxonomy!F8 -> ✗ | K13: =Taxonomy!F9 -> ✗ | L13: =Taxonomy!F10 -> ✗ | N13: =Taxonomy!F13 -> no | O13: =Taxonomy!F14 -> no | P13: =Taxonomy!F15 -> no | Q13: =Taxonomy!F16 -> no | S13: =Taxonomy!F18 -> no | T13: =Taxonomy!F19 -> no | U13: =Taxonomy!F20 -> no | V13: =Taxonomy!F21 -> no
E14: Application-Level (Sum of PIDs) | I14: =Taxonomy!G7 -> ✗ | J14: =Taxonomy!G8 -> ✗ | K14: =Taxonomy!G9 -> ✗ | L14: =Taxonomy!G10 -> no | N14: =Taxonomy!G13 -> no | O14: =Taxonomy!G14 -> no | P14: =Taxonomy!G15 -> ✗ | Q14: =Taxonomy!G16 -> ✗ | S14: =Taxonomy!G18 -> no | T14: =Taxonomy!G19 -> no | U14: =Taxonomy!G20 -> ✗ | V14: =Taxonomy!G21 -> no
E15: Process-Level | I15: =Taxonomy!H7 -> ✗ | J15: =Taxonomy!H8 -> ✗ | K15: =Taxonomy!H9 -> ✗ | L15: =Taxonomy!H10 -> no | N15: =Taxonomy!H13 -> ✗ | O15: =Taxonomy!H14 -> ✗ | P15: =Taxonomy!H15 -> ✗ | Q15: =Taxonomy!H16 -> ✗ | S15: =Taxonomy!H18 -> no | T15: =Taxonomy!H19 -> no | U15: =Taxonomy!H20 -> ✗ | V15: =Taxonomy!H21 -> no
E16: Thread-Level | I16: =Taxonomy!I7 -> no | J16: =Taxonomy!I8 -> no | K16: =Taxonomy!I9 -> no | L16: =Taxonomy!I10 -> no | N16: =Taxonomy!I13 -> no | O16: =Taxonomy!I14 -> no | P16: =Taxonomy!I15 -> no | Q16: =Taxonomy!I16 -> no | S16: =Taxonomy!I18 -> ✗ | T16: =Taxonomy!I19 -> ✗ | U16: =Taxonomy!I20 -> ✗ | V16: =Taxonomy!I21 -> no
E17: Code Section-Level | I17: =Taxonomy!J7 -> no | J17: =Taxonomy!J8 -> no | K17: =Taxonomy!J9 -> no | L17: =Taxonomy!J10 -> ✗(SCI functionnality) | N17: =Taxonomy!J13 -> no | O17: =Taxonomy!J14 -> no | P17: =Taxonomy!J15 -> no | Q17: =Taxonomy!J16 -> no | S17: =Taxonomy!J18 -> ✗ | T17: =Taxonomy!J19 -> ✗ | U17: =Taxonomy!J20 -> ✗ | V17: =Taxonomy!J21 -> ✗
D19: Measurement Sources | E19: CPU | F19: Hardware-Level Energy Estimation | G19: External Power Meter | I19: =Taxonomy!L7 -> no | J19: =Taxonomy!L8 -> no | K19: =Taxonomy!L9 -> no | L19: =Taxonomy!L10 -> ✗(Compatible with certain Metric Providers) | N19: =Taxonomy!L13 -> no | O19: =Taxonomy!L14 -> no | P19: =Taxonomy!L15 -> no | Q19: =Taxonomy!L16 -> no | S19: =Taxonomy!L18 -> no | T19: =Taxonomy!L19 -> no | U19: =Taxonomy!L20 -> no | V19: =Taxonomy!L21 -> no
G20: Hardware-Exposed Energy Interface | I20: =Taxonomy!M7 -> no | J20: =Taxonomy!M8 -> ✗ (RAPL) | K20: =Taxonomy!M9 -> ✗ (RAPL) | L20: =Taxonomy!M10 -> ✗(RAPL) | N20: =Taxonomy!M13 -> no | O20: =Taxonomy!M14 -> no | P20: =Taxonomy!M15 -> ✗ (RAPL throush powercap) | Q20: =Taxonomy!M16 -> ✗ (RAPL (linux/windows) or powerMetrics (Mac)) | S20: =Taxonomy!M18 -> no | T20: =Taxonomy!M19 -> ✗ (RAPL through powercap) | U20: =Taxonomy!M20 -> ✗ (RAPL throush PAPI) | V20: =Taxonomy!M21 -> ✗ (RAPL through linux MSR kernel module)
G21: Model -based | I21: =Taxonomy!N7 -> no | J21: =Taxonomy!N8 -> ✗Regression-based models for VM deployment | K21: =Taxonomy!N9 -> ✗Regression-based models for VM deployment | L21: =Taxonomy!N10 -> ✗1) XGBoost model (TDP, Machine Specs and CPU%) 2) Analytical Model(TDP, #CPUchips and CPU %) | N21: =Taxonomy!N13 -> ✗ Linear Regression Model (HPC : "instructions", "cache references", "cache misses" | O21: =Taxonomy!N14 -> ✗HPC vector (cycles, instructions, cache misses) | P21: =Taxonomy!N15 -> no | Q21: =Taxonomy!N16 -> no | S21: =Taxonomy!N18 -> ✗ (TDP) Through PowerAPI | T21: =Taxonomy!N19 -> no | U21: =Taxonomy!N20 -> no | V21: =Taxonomy!N21 -> no
F22: Software Activity Share Proxy | I22: =Taxonomy!O7 -> no | J22: =Taxonomy!O8 -> OS-provided PID CPU % Cgroups Stat | K22: =Taxonomy!O9 -> PID runtime + HPC vector (cycles, instructions, cache misses) through eBPF tracing | L22: =Taxonomy!O10 -> OS-provided PID CPU % Cgroups Stat Code Special Print (Code Section) | N22: =Taxonomy!O13 -> OS-provided PID CPU % | O22: =Taxonomy!O14 -> OS-provided PID CPU % | P22: =Taxonomy!O15 -> OS-provided PID CPU % | Q22: =Taxonomy!O16 -> OS-provided PID CPU % | S22: =Taxonomy!O18 -> 1) Time Markers : JVM byte code instrumentation / 2) Call stack | T22: =Taxonomy!O19 -> 1) OS-provided PID CPU % for Java Threads through JVM instrumentation 2) Call Stack | U22: =Taxonomy!O20 -> Call stack | V22: =Taxonomy!O21 -> Time Markers
E24: DRAM | F24: Hardware-Level Energy Estimation | G24: External Power Meter | I24: =Taxonomy!Q7 -> no | J24: =Taxonomy!Q8 -> no | K24: =Taxonomy!Q9 -> no | L24: =Taxonomy!Q10 -> no | N24: =Taxonomy!Q13 -> no | O24: =Taxonomy!Q14 -> no | P24: =Taxonomy!Q15 -> no | Q24: =Taxonomy!Q16 -> no | S24: =Taxonomy!Q18 -> no | T24: =Taxonomy!Q19 -> no | U24: =Taxonomy!Q20 -> no | V24: =Taxonomy!Q21 -> no
G25: Hardware-Exposed Energy Interface | I25: =Taxonomy!R7 -> no | J25: =Taxonomy!R8 -> ✗(RAPL) | K25: =Taxonomy!R9 -> ✗(RAPL) | L25: =Taxonomy!R10 -> ✗(RAPL) | N25: =Taxonomy!R13 -> no | O25: =Taxonomy!R14 -> no | P25: =Taxonomy!R15 -> ✗(RAPL) | Q25: =Taxonomy!R16 -> ✗(RAPL) | S25: =Taxonomy!R18 -> no | T25: =Taxonomy!R19 -> ✗(RAPL) Through Power Joular | U25: =Taxonomy!R20 -> ✗(RAPL) | V25: =Taxonomy!R21 -> ✗ (RAPL through linux MSR kernel module)
G26: Model-based | I26: =Taxonomy!S7 -> no | J26: =Taxonomy!S8 -> no | K26: =Taxonomy!S9 -> no | L26: =Taxonomy!S10 -> no | N26: =Taxonomy!S13 -> no | O26: =Taxonomy!S14 -> no | P26: =Taxonomy!S15 -> no | Q26: =Taxonomy!S16 -> no | S26: =Taxonomy!S18 -> no | T26: =Taxonomy!S19 -> no | U26: =Taxonomy!S20 -> no | V26: =Taxonomy!S21 -> no
F27: Software Activity Share Proxy | I27: =Taxonomy!T7 -> no | J27: =Taxonomy!T8 -> OS-provided PID CPU % Cgroups Stat | K27: =Taxonomy!T9 -> PID runtime + HPC vector (cycles, instructions, cache misses) through eBPF tracing | L27: =Taxonomy!T10 -> OS-provided PID CPU % Cgroups Stat (Container) Code Special Print (Code Section) | N27: =Taxonomy!T13 -> no | O27: =Taxonomy!T14 -> no | P27: =Taxonomy!T15 -> PID CPU % | Q27: =Taxonomy!T16 -> PID CPU % | S27: =Taxonomy!T18 -> no | T27: =Taxonomy!T19 -> 1) OS-provided PID CPU % for Java Threads through JVM instrumentation 2) Statistical sampling of thread stack trace | U27: =Taxonomy!T20 -> Call stack sampling | V27: =Taxonomy!T21 -> Time Markers
E29: GPU | F29: Hardware-Level Energy Estimation | G29: External Power Meter | I29: =Taxonomy!V7 -> no | J29: =Taxonomy!V8 -> no | K29: =Taxonomy!V9 -> no | L29: =Taxonomy!V10 -> no | N29: =Taxonomy!V13 -> no | O29: =Taxonomy!V14 -> no | P29: =Taxonomy!V15 -> no | Q29: =Taxonomy!V16 -> no | S29: =Taxonomy!V18 -> no | T29: =Taxonomy!V19 -> no | U29: =Taxonomy!V20 -> no | V29: =Taxonomy!V21 -> no
G30: Hardware-Exposed Energy Interface | I30: =Taxonomy!W7 -> no | J30: =Taxonomy!W8 -> ✗(NVLM) | K30: =Taxonomy!W9 -> ✗(NVLM) | L30: =Taxonomy!W10 -> ✗(NVLM) | N30: =Taxonomy!W13 -> no | O30: =Taxonomy!W14 -> no | P30: =Taxonomy!W15 -> ✗(NVIDIA-SMI, AMD-SMI) (computers and servers) | Q30: =Taxonomy!W16 -> ✗(NVIDIA-SMI, AMD-SMI) (computers and servers) | S30: =Taxonomy!W18 -> no | T30: =Taxonomy!W19 -> ✗(NVIDIA SMI) (computers and servers through Power Joular | U30: =Taxonomy!W20 -> no | V30: =Taxonomy!W21 -> no
G31: Model-based | I31: =Taxonomy!X7 -> no | J31: =Taxonomy!X8 -> no | K31: =Taxonomy!X9 -> no | L31: =Taxonomy!X10 -> no | N31: =Taxonomy!X13 -> no | O31: =Taxonomy!X14 -> no | P31: =Taxonomy!X15 -> no | Q31: =Taxonomy!X16 -> no | S31: =Taxonomy!X18 -> no | T31: =Taxonomy!X19 -> no | U31: =Taxonomy!X20 -> no | V31: =Taxonomy!X21 -> no
F32: Software Activity Share Proxy | I32: =Taxonomy!Y7 -> no | J32: =Taxonomy!Y8 -> NVLM-provided (i.e. driver) per-process SM utilization | K32: =Taxonomy!Y9 -> NVLM-provided (i.e. driver) per-process SM utilization | L32: =Taxonomy!Y10 -> OS-provided PID CPU % Cgroups Stat Code Special Print (Code Section) | N32: =Taxonomy!Y13 -> no | O32: =Taxonomy!Y14 -> no | P32: =Taxonomy!Y15 -> PID GPU % (from driver API) | Q32: =Taxonomy!Y16 -> PID GPU % (from driver API) | S32: =Taxonomy!Y18 -> no | T32: =Taxonomy!Y19 -> 1) OS-provided PID CPU % for Java Threads through JVM instrumentation 2) Statistical sampling of thread stack trace | U32: =Taxonomy!Y20 -> no | V32: =Taxonomy!Y21 -> no
E34: Network (NIC) | F34: Hardware-Level Energy Estimation | G34: External Power Meter | I34: =Taxonomy!AA7 -> no | J34: =Taxonomy!AA8 -> no | K34: =Taxonomy!AA9 -> no | L34: =Taxonomy!AA10 -> no | N34: =Taxonomy!AA13 -> no | O34: =Taxonomy!AA14 -> no | P34: =Taxonomy!AA15 -> no | Q34: =Taxonomy!AA16 -> no | S34: =Taxonomy!AA18 -> no | T34: =Taxonomy!AA19 -> no | U34: =Taxonomy!AA20 -> no | V34: =Taxonomy!AA21 -> no
G35: Hardware-Exposed Energy Interface | I35: =Taxonomy!AB7 -> no | J35: =Taxonomy!AB8 -> no | K35: =Taxonomy!AB9 -> no | L35: =Taxonomy!AB10 -> no | N35: =Taxonomy!AB13 -> no | O35: =Taxonomy!AB14 -> no | P35: =Taxonomy!AB15 -> no | Q35: =Taxonomy!AB16 -> no | S35: =Taxonomy!AB18 -> no | T35: =Taxonomy!AB19 -> no | U35: =Taxonomy!AB20 -> no | V35: =Taxonomy!AB21 -> no
G36: Model-based | I36: =Taxonomy!AC7 -> no | J36: =Taxonomy!AC8 -> no | K36: =Taxonomy!AC9 -> no | L36: =Taxonomy!AC10 -> no | N36: =Taxonomy!AC13 -> ✗ | O36: =Taxonomy!AC14 -> no | P36: =Taxonomy!AC15 -> no | Q36: =Taxonomy!AC16 -> no | S36: =Taxonomy!AC18 -> ✗(Through PowerAPI) | T36: =Taxonomy!AC19 -> no | U36: =Taxonomy!AC20 -> no | V36: =Taxonomy!AC21 -> no
F37: Software Activity Share Proxy | I37: =Taxonomy!AD7 -> no | J37: =Taxonomy!AD8 -> no | K37: =Taxonomy!AD9 -> no | L37: =Taxonomy!AD10 -> no | N37: =Taxonomy!AD13 -> OS provided per-process (PID)Network I/O | O37: =Taxonomy!AD14 -> no | P37: =Taxonomy!AD15 -> no | Q37: =Taxonomy!AD16 -> no | S37: =Taxonomy!AD18 -> getInputStream() getOutputStream() calls | T37: =Taxonomy!AD19 -> no | U37: =Taxonomy!AD20 -> no | V37: =Taxonomy!AD21 -> no
E39: System | F39: Hardware-Level Energy Estimation | G39: External Power Meter | I39: =Taxonomy!AF7 -> no | J39: =Taxonomy!AF8 -> ✗(IPMI, ACPI) | K39: =Taxonomy!AF9 -> ✗(IPMI, ACPI) | L39: =Taxonomy!AF10 -> ✗ | N39: =Taxonomy!AF13 -> no | O39: =Taxonomy!AF14 -> no | P39: =Taxonomy!AF15 -> no | Q39: =Taxonomy!AF16 -> no | S39: =Taxonomy!AF18 -> no | T39: =Taxonomy!AF19 -> no | U39: =Taxonomy!AF20 -> no | V39: =Taxonomy!AF21 -> no
G40: Hardware-Exposed Energy Interface | I40: =Taxonomy!AG7 -> ✗(RAPL) | J40: =Taxonomy!AG8 -> no | K40: =Taxonomy!AG9 -> no | L40: =Taxonomy!AG10 -> ✗(RAPL PSYS Domain) | N40: =Taxonomy!AG13 -> no | O40: =Taxonomy!AG14 -> no | P40: =Taxonomy!AG15 -> no | Q40: =Taxonomy!AG16 -> ✗(RAPL) | S40: =Taxonomy!AG18 -> no | T40: =Taxonomy!AG19 -> no | U40: =Taxonomy!AG20 -> ✗ (RAPL throush PAPI) | V40: =Taxonomy!AG21 -> ✗ (RAPL through linux MSR kernel module)
G41: Model-based | I41: =Taxonomy!AH7 -> no | J41: =Taxonomy!AH8 -> Regression-based model | K41: =Taxonomy!AH9 -> Regression-based trained power model | L41: =Taxonomy!AH10 -> ✗1) XGBoost model (TDP, Machine Specs and CPU%) 2) Analytical Model(TDP, #CPUchips and CPU %) | N41: =Taxonomy!AH13 -> ✗(TDP) | O41: =Taxonomy!AH14 -> ✗ HPC (cycles, instructions, cache misses) vector | P41: =Taxonomy!AH15 -> polynomial regression For Rasberry Pi | Q41: =Taxonomy!AH16 -> polynomial regression For Rasberry Pi | S41: =Taxonomy!AH18 -> no | T41: =Taxonomy!AH19 -> polynomial regression For Rasberry Pi | U41: =Taxonomy!AH20 -> no | V41: =Taxonomy!AH21 -> no
F42: Software Activity Share Proxy | I42: =Taxonomy!AI7 -> OS-provided PID CPU % | J42: =Taxonomy!AI8 -> OS-provided PID CPU % Cgroups Stat | K42: =Taxonomy!AI9 -> PID runtime + HPC vector (cycles, instructions, cache misses) through eBPF tracing | L42: =Taxonomy!AI10 -> OS-provided PID CPU % Cgroups Stat (container) Code Special Print (Code Section) | N42: =Taxonomy!AI13 -> OS-provided PID CPU % | O42: =Taxonomy!AI14 -> OS-provided PID CPU % | P42: =Taxonomy!AI15 -> OS-provided PID CPU % | Q42: =Taxonomy!AI16 -> OS-provided PID CPU % | S42: =Taxonomy!AI18 -> no | T42: =Taxonomy!AI19 -> 1) OS-provided PID CPU % for Java Threads through JVM instrumentation 2) Statistical sampling of thread stack trace | U42: =Taxonomy!AI20 -> Call stack sampling | V42: =Taxonomy!AI21 -> Time Markers
D44: Allocation Model | E44: Activity Share Estimation | F44: Directly proportional to Proxy | I44: =Taxonomy!AK7 -> ✗ | J44: =Taxonomy!AK8 -> ✗ | K44: =Taxonomy!AK9 -> no | L44: =Taxonomy!AK10 -> ✗ | N44: =Taxonomy!AK13 -> ✗ | O44: =Taxonomy!AK14 -> ✗ | P44: =Taxonomy!AK15 -> ✗ | Q44: =Taxonomy!AK16 -> ✗ | S44: =Taxonomy!AK18 -> ✗ (For NIC) | T44: =Taxonomy!AK19 -> ✗(for threads) | U44: =Taxonomy!AK20 -> no | V44: =Taxonomy!AK21 -> no
F45: Proxy Reconstruction | I45: =Taxonomy!AL7 -> no | J45: =Taxonomy!AL8 -> no | K45: =Taxonomy!AL9 -> ✗ (from HPC vector (cycles, instructions, cache misses)) | L45: =Taxonomy!AL10 -> no | N45: =Taxonomy!AL13 -> no | O45: =Taxonomy!AL14 -> no | P45: =Taxonomy!AL15 -> no | Q45: =Taxonomy!AL16 -> no | S45: =Taxonomy!AL18 -> no | T45: =Taxonomy!AL19 -> no | U45: =Taxonomy!AL20 -> no | V45: =Taxonomy!AL21 -> no
F46: Statistical Sampling | I46: =Taxonomy!AM7 -> no | J46: =Taxonomy!AM8 -> no | K46: =Taxonomy!AM9 -> no | L46: =Taxonomy!AM10 -> no | N46: =Taxonomy!AM13 -> no | O46: =Taxonomy!AM14 -> no | P46: =Taxonomy!AM15 -> no | Q46: =Taxonomy!AM16 -> no | S46: =Taxonomy!AM18 -> ✗(for CPU : call-stack sampling version) | T46: =Taxonomy!AM19 -> ✗ | U46: =Taxonomy!AM20 -> ✗(1) Allocate all RAPL system energy to process it is attached to 2) Statistical Sampling (stack trace) to allocate energy to functions) | V46: =Taxonomy!AM21 -> no
F47: Execution Time Markers | I47: =Taxonomy!AN7 -> no | J47: =Taxonomy!AN8 -> no | K47: =Taxonomy!AN9 -> no | L47: =Taxonomy!AN10 -> ✗(SCI functionnality) | N47: =Taxonomy!AN13 -> no | O47: =Taxonomy!AN14 -> no | P47: =Taxonomy!AN15 -> no | Q47: =Taxonomy!AN16 -> no | S47: =Taxonomy!AN18 -> ✗ (for CPU : bytecode instrumentation version) | T47: =Taxonomy!AN19 -> no | U47: =Taxonomy!AN20 -> no | V47: =Taxonomy!AN21 -> ✗
E48: Baseline Modelling and Calibration | I48: =Taxonomy!AO7 -> no | J48: =Taxonomy!AO8 -> Modeled and allocated proportionnaly to processes size | K48: =Taxonomy!AO9 -> Modeled and allocated proportionnaly to processes size | L48: =Taxonomy!AO10 -> Modeled and allocated to container according to OS-provided PID CPU % | N48: =Taxonomy!AO13 -> no | O48: =Taxonomy!AO14 -> no | P48: =Taxonomy!AO15 -> no | Q48: =Taxonomy!AO16 -> Modeled and substracted before allocation | S48: =Taxonomy!AO18 -> no | T48: =Taxonomy!AO19 -> no | U48: =Taxonomy!AO20 -> no | V48: =Taxonomy!AO21 -> no
D50: Virtualised environment support | E50: Pretrained Model | I50: =Taxonomy!AQ7 -> no | J50: =Taxonomy!AQ8 -> Regression model (# cores and OS-provided Resource Utilisation metrics as input) | K50: =Taxonomy!AQ9 -> Regression model (# cores and OS-provided Resource Utilisation metrics as input) | L50: =Taxonomy!AQ10 -> 1) XGBoost model (# cores TDP, Machine Specs and CPU%) 2) Analytical Model(TDP, #CPUchips and CPU %) | N50: =Taxonomy!AQ13 -> no | O50: =Taxonomy!AQ14 -> no | P50: =Taxonomy!AQ15 -> no | Q50: =Taxonomy!AQ16 -> no | S50: =Taxonomy!AQ18 -> no | T50: =Taxonomy!AQ19 -> no | U50: =Taxonomy!AQ20 -> no | V50: =Taxonomy!AQ21 -> no
E51: Two instances : host exposing VM-level metrics to guest through shared file | I51: =Taxonomy!AR7 -> ✗ | J51: =Taxonomy!AR8 -> no ( (CNCF 2023) mentions a planned "passthrough" mode for VM deployment which expose VM energy in a shared file. | K51: =Taxonomy!AR9 -> no ( (CNCF 2023) mentions a planned "passthrough" mode for VM deployment which expose VM energy in a shared file. | L51: =Taxonomy!AR10 -> no | N51: =Taxonomy!AR13 -> no | O51: =Taxonomy!AR14 -> no | P51: =Taxonomy!AR15 -> ✗ | Q51: =Taxonomy!AR16 -> ✗ | S51: =Taxonomy!AR18 -> no | T51: =Taxonomy!AR19 -> no | U51: =Taxonomy!AR20 -> no | V51: =Taxonomy!AR21 -> no
E52: Delegated to another tool | I52: =Taxonomy!AS7 -> no | J52: =Taxonomy!AS8 -> no | K52: =Taxonomy!AS9 -> no | L52: =Taxonomy!AS10 -> no | N52: =Taxonomy!AS13 -> no | O52: =Taxonomy!AS14 -> no | P52: =Taxonomy!AS15 -> no | Q52: =Taxonomy!AS16 -> no | S52: =Taxonomy!AS18 -> no | T52: =Taxonomy!AS19 -> Uses PowerJoular | U52: =Taxonomy!AS20 -> no | V52: =Taxonomy!AS21 -> no

Sheet Operational Constraint
B5: Tool Name | D5: Operational Constraints
D6: Accuracy validation | E6: Temporal resolution | F6: Runtime overhead | G6: Code modification | H6: Privilege | I6: Platform Compatibility
I7: Desktop/ Laptop | J7: Server | K7: Single Board Computer (e.g. Rasperry Pi) | L7: x86 | M7: ARM | N7: Apple Silicon | O7: OS | R7: Virtual machines | S7: Containers | T7: Kubernetes integration | U7: Specific Language
O8: Linux | P8: Windows | Q8: MacOS
B10: Scaphandre | D10: =Taxonomy!AU7 -> 0 | E10: =Taxonomy!AV7 -> 1Hz (Max 28Hz If modified as in (Raffin and Trystram 2024)) | F10: =Taxonomy!AW7 -> 0 | G10: =Taxonomy!AX7 -> no | H10: =Taxonomy!AY7 -> 0 | I10: =Taxonomy!AZ7 -> ✗ | J10: =Taxonomy!BA7 -> ✗ | K10: =Taxonomy!BB7 -> no | ... U10: =Taxonomy!BL7 -> no
B11: Kepler ≥ 0.10 | D11: =Taxonomy!AU8 -> Reported MSE of 0.01 in (Amaral et al. 2023) | E11: =Taxonomy!AV8 -> ~ms at RAPL read level Effective resolution = Prometheus scrape interval (typically 1s–30s depending on configuration) | F11: =Taxonomy!AW8 -> 0 | G11: =Taxonomy!AX8 -> no | H11: =Taxonomy!AY8 -> 0 | I11: =Taxonomy!AZ8 -> ✗ | J11: =Taxonomy!BA8 -> ✗ | K11: =Taxonomy!BB8 -> no | ... U11: =Taxonomy!BL8 -> no
B12: Kepler ≤ v0.9 | D12: =Taxonomy!AU9 -> Reported MSE of 0.01 in (Amaral et al. 2023) | E12: =Taxonomy!AV9 -> eBPF data collected every 3s. | F12: =Taxonomy!AW9 -> 0 | G12: =Taxonomy!AX9 -> no | H12: =Taxonomy!AY9 -> 0 | I12: =Taxonomy!AZ9 -> ✗ | J12: =Taxonomy!BA9 -> ✗ | K12: =Taxonomy!BB9 -> no | ... U12: =Taxonomy!BL9 -> no
B13: Green Metric Tool | D13: =Taxonomy!AU10 -> Relative to metric providers : For RAPL which is extensively used by the GMT : https://www.green-coding.io/case-studies/rapl-and-sgx/ | E13: =Taxonomy!AV10 -> ~ms Configurable for each metric provider (1ms for RAPL metric provider) | F13: =Taxonomy!AW10 -> Designed to be low (uses containers). GMT allows to estimate it through a special script : calibrate.py | G13: =Taxonomy!AX10 -> ✗(Manual : For SCI) | H13: =Taxonomy!AY10 -> Run as Root Installs RAPL Kernel Module | I13: =Taxonomy!AZ10 -> ✗ | J13: =Taxonomy!BA10 -> ✗ | K13: =Taxonomy!BB10 -> no | ... U13: =Taxonomy!BL10 -> no
B15: e-Surgeon (PowerAPI) | D15: =Taxonomy!AU13 -> Reported in (Noureddine et al. 2012; (Noureddine et al. 2015)) | E15: =Taxonomy!AV13 -> ~Monitoring Cycle of 1s mentioned in (Noureddine et al. 2012) | F15: =Taxonomy!AW13 -> 1.79% Reported in (Noureddine et al. 2012; (Noureddine et al. 2015)) | G15: =Taxonomy!AX13 -> no | H15: =Taxonomy!AY13 -> 0 | I15: =Taxonomy!AZ13 -> ✗ | J15: =Taxonomy!BA13 -> ✗ | K15: =Taxonomy!BB13 -> no | ... U15: =Taxonomy!BL13 -> no
B16: BitWatts | D16: =Taxonomy!AU14 -> 0 | E16: =Taxonomy!AV14 -> ~Monitoring Cycle of 1s mentioned in (Noureddine et al. 2012) | F16: =Taxonomy!AW14 -> Reported in (Noureddine et al. 2012; (Noureddine et al. 2015)) | G16: =Taxonomy!AX14 -> no | H16: =Taxonomy!AY14 -> 0 | I16: =Taxonomy!AZ14 -> ✗ | J16: =Taxonomy!BA14 -> ✗ | K16: =Taxonomy!BB14 -> no | ... U16: =Taxonomy!BL14 -> no
B17: PowerJoular | D17: =Taxonomy!AU15 -> btw 0.3% and 3.83% on RaspberryPie (Noureddine [2021] 2022) | E17: =Taxonomy!AV15 -> ~1s | F17: =Taxonomy!AW15 -> no : Not reported but supposed to be low (1s sampling rate + written in Ada (low carbon language(Noureddine [2021] 2022))) | G17: =Taxonomy!AX15 -> no | H17: =Taxonomy!AY15 -> Run as Root Use Powercap for RAPL access | I17: =Taxonomy!AZ15 -> ✗ | J17: =Taxonomy!BA15 -> ✗ | K17: =Taxonomy!BB15 -> ✗ | ... U17: =Taxonomy!BL15 -> no
B18: Joular Core | D18: =Taxonomy!AU16 -> no | E18: =Taxonomy!AV16 -> ~1s | F18: =Taxonomy!AW16 -> no | G18: =Taxonomy!AX16 -> no | H18: =Taxonomy!AY16 -> 0 | I18: =Taxonomy!AZ16 -> ✗ | J18: =Taxonomy!BA16 -> ✗ | K18: =Taxonomy!BB16 -> ✗ | ... U18: =Taxonomy!BL16 -> no
B20: e-Surgeon (eJalen) | D20: =Taxonomy!AU18 -> Reported in (Noureddine et al. 2012; (Noureddine et al. 2015)) | E20: =Taxonomy!AV18 -> ~Monitoring Cycle of 1s mentioned in (Noureddine et al. 2012) | F20: =Taxonomy!AW18 -> 380% : Reported in (Noureddine et al. 2012; (Noureddine et al. 2015)) | G20: =Taxonomy!AX18 -> ✗ (Automatic : Byte Code Instrumentation version ) | H20: =Taxonomy!AY18 -> 0 | I20: =Taxonomy!AZ18 -> ✗ | J20: =Taxonomy!BA18 -> ✗ | K20: =Taxonomy!BB18 -> no | ... U20: =Taxonomy!BL18 -> Java
B21: JoularJX | D21: =Taxonomy!AU19 -> 0 | E21: =Taxonomy!AV19 -> ~10ms (code section) ~1s (thread) | F21: =Taxonomy!AW19 -> 0 | G21: =Taxonomy!AX19 -> no | H21: =Taxonomy!AY19 -> 0 | I21: =Taxonomy!AZ19 -> ✗ | J21: =Taxonomy!BA19 -> ✗ | K21: =Taxonomy!BB19 -> ✗ | ... U21: =Taxonomy!BL19 -> Java
B22: IgProf (Energy module) | D22: =Taxonomy!AU20 -> Qualitatively Reported in (Khan et al. 2015) | E22: =Taxonomy!AV20 -> ~5ms sampling interval in (Khan et al. 2015) | F22: =Taxonomy!AW20 -> 0 | G22: =Taxonomy!AX20 -> no | H22: =Taxonomy!AY20 -> User Mode: Queries RAPL through PAPI | I22: =Taxonomy!AZ20 -> ✗ | J22: =Taxonomy!BA20 -> ✗ | K22: =Taxonomy!BB20 -> no | ... U22: =Taxonomy!BL20 -> no
B23: jRAPL | D23: =Taxonomy!AU21 -> no | E23: =Taxonomy!AV21 -> ~1ms | F23: =Taxonomy!AW21 -> no | G23: =Taxonomy!AX21 -> ✗(Manual) | H23: =Taxonomy!AY21 -> "Run as Root Installs RAPL Kernel Module" | I23: =Taxonomy!AZ21 -> ✗ | J23: =Taxonomy!BA21 -> ✗ | K23: =Taxonomy!BB21 -> no | ... U23: =Taxonomy!BL21 -> Java

Sheet Maturity and Ecosystem
B4: Tool Name | D4: Maturity and ecosystem
D5: Deployment complexity | E5: Availability and licensing | F5: Maintenance status | G5: Documentation quality | H5: Case Studies | I5: Community adoption | J5: Extra Metrics
J6: Network I/O | K6: Disk I/O | L6: CO2e
B9: Scaphandre | D9: =Taxonomy!BN7 -> 0 | E9: =Taxonomy!BO7 -> 0 | F9: =Taxonomy!BP7 -> 0 | G9: =Taxonomy!BQ7 -> 0 | H9: =Taxonomy!BR7 -> 0 | I9: =Taxonomy!BS7 -> 0 | J9: =Taxonomy!BT7 -> no | K9: =Taxonomy!BU7 -> ✗ | L9: =Taxonomy!BV7 -> no
B10: Kepler ≥ 0.10 | D10: =Taxonomy!BN8 -> Runs as DaemonSet on each node Linux-based nodes required | E10: =Taxonomy!BO8 -> Open-Source (CNCF Sandbox project) | F10: =Taxonomy!BP8 -> Active (Last Commit in March 2026) | G10: =Taxonomy!BQ8 -> Extensive Documentation (https://sustainable-computing.io/) | H10: =Taxonomy!BR8 -> Centofanti, Carlo, José Santos, Venkateswarlu Gudepu, and Koteswararao Kondepu. 2024. ‘Impact of Power Consumption in Containerized Clouds: A Comprehensive Analysis of Open-Source Power Measurement Tools’. Computer Networks 245 (May): 110371. https://doi.org/10.1016/j.comnet.2024.110371. | I10: =Taxonomy!BS8 -> Designed for edge/cloud/ K8s Operators | J10: =Taxonomy!BT8 -> no | K10: =Taxonomy!BU8 -> no | L10: =Taxonomy!BV8 -> no
B11: Kepler ≤ v0.9 | D11: =Taxonomy!BN9 -> Runs as DaemonSet on each node Linux-based nodes required | E11: =Taxonomy!BO9 -> Open-Source (CNCF Sandbox project) | F11: =Taxonomy!BP9 -> Active (Last Commit in March 2026) | G11: =Taxonomy!BQ9 -> Extensive Documentation (https://sustainable-computing.io/) | H11: =Taxonomy!BR9 -> Centofanti, Carlo, José Santos, Venkateswarlu Gudepu, and Koteswararao Kondepu. 2024. ‘Impact of Power Consumption in Containerized Clouds: A Comprehensive Analysis of Open-Source Power Measurement Tools’. Computer Networks 245 (May): 110371. https://doi.org/10.1016/j.comnet.2024.110371. | I11: =Taxonomy!BS9 -> Designed for edge/cloud/ K8s Operators | J11: =Taxonomy!BT9 -> no | K11: =Taxonomy!BU9 -> no | L11: =Taxonomy!BV9 -> no
B12: Green Metric Tool | D12: =Taxonomy!BN10 -> Python App + Redis DB + Web-based API & Front-end for data analysis Hosted Service (paid) | E12: =Taxonomy!BO10 -> Open-Source | F12: =Taxonomy!BP10 -> Active (Last Commit in Feb 2026) | G12: =Taxonomy!BQ10 -> Extensive Documentation (https://docs.green-coding.io/) | H12: =Taxonomy!BR10 -> Hoffmann, Geerd-Dietger, and Verena Majuntke. 2025. ‘Green Metrics Tool: Measuring for Fun and Profit’. arXiv:2506.23967. Preprint, arXiv, June 30. https://doi.org/10.48550/arXiv.2506.23967. Kayembe, Jason, Iness Ben Guirat, and Jan Tobias Mühlberg. 2025. ‘Exploring Privacy and Security as Drivers for Environmental Sustainability in Cloud-Based Office Solutions’. arXiv:2506.23866. Preprint, arXiv, July 4. https://doi.org/10.48550/arXiv.2506.23866. | I12: =Taxonomy!BS10 -> Designed for developers to integrate SCI in dev Used in a few academic researches | J12: =Taxonomy!BT10 -> ✗ | K12: =Taxonomy!BU10 -> ✗ | L12: =Taxonomy!BV10 -> ✗
B14: e-Surgeon (PowerAPI) | D14: =Taxonomy!BN13 -> 0 | E14: =Taxonomy!BO13 -> Open-Source | F14: =Taxonomy!BP13 -> 0 | G14: =Taxonomy!BQ13 -> 0 | H14: =Taxonomy!BR13 -> 0 | I14: =Taxonomy!BS13 -> 0 | J14: =Taxonomy!BT13 -> ✗ | K14: =Taxonomy!BU13 -> no | L14: =Taxonomy!BV13 -> no
B15: BitWatts | D15: =Taxonomy!BN14 -> 0 | E15: =Taxonomy!BO14 -> Open-Source | F15: =Taxonomy!BP14 -> 0 | G15: =Taxonomy!BQ14 -> 0 | H15: =Taxonomy!BR14 -> 0 | I15: =Taxonomy!BS14 -> 0 | J15: =Taxonomy!BT14 -> ✗ | K15: =Taxonomy!BU14 -> no | L15: =Taxonomy!BV14 -> no
B16: PowerJoular | D16: =Taxonomy!BN15 -> Command line tool, export to csv | E16: =Taxonomy!BO15 -> Open-Source | F16: =Taxonomy!BP15 -> Active (Last Commit in 2026) | G16: =Taxonomy!BQ15 -> Concice documentation : https://joular.github.io/powerjoular/overview.html | H16: =Taxonomy!BR15 -> Noureddine, Adel. (2021) 2022. ‘PowerJoular and JoularJX: Multi-Platform Software Power Monitoring Tools’. In Proceedings of the 18th International Conference on Intelligent Environments, Ada. Intelligent Environments. March 22; IEEE, released. https://doi.org/10.1109/IE54923.2022.9826760. | I16: =Taxonomy!BS15 -> Power Core is aimed to software developers, system administrators and to automated tools, with a goal to help these users understand the power consumption of their devices and software (Noureddine [2021] 2022) | J16: =Taxonomy!BT15 -> no | K16: =Taxonomy!BU15 -> no | L16: =Taxonomy!BV15 -> no
B17: Joular Core | D17: =Taxonomy!BN16 -> Command line tool or Gui | E17: =Taxonomy!BO16 -> Open-Source | F17: =Taxonomy!BP16 -> Active (Last Commit 2026) | G17: =Taxonomy!BQ16 -> Concice documentation : https://joular.github.io/joularcore/ | H17: =Taxonomy!BR16 -> 0 | I17: =Taxonomy!BS16 -> Power Core is aimed to software developers, system administrators and to automated tools, with a goal to help these users understand the power consumption of their devices and software (Noureddine [2021] 2022) | J17: =Taxonomy!BT16 -> no | K17: =Taxonomy!BU16 -> no | L17: =Taxonomy!BV16 -> no
B19: e-Surgeon (eJalen) | D19: =Taxonomy!BN18 -> 0 | E19: =Taxonomy!BO18 -> Open-Source | F19: =Taxonomy!BP18 -> 0 | G19: =Taxonomy!BQ18 -> 0 | H19: =Taxonomy!BR18 -> 0 | I19: =Taxonomy!BS18 -> 0 | J19: =Taxonomy!BT18 -> ✗ | K19: =Taxonomy!BU18 -> no | L19: =Taxonomy!BV18 -> no
B20: JoularJX | D20: =Taxonomy!BN19 -> Command line tool, export to csv | E20: =Taxonomy!BO19 -> Open-Source | F20: =Taxonomy!BP19 -> Active (Last Commit in 2026) | G20: =Taxonomy!BQ19 -> Concice documentation : https://joular.github.io/powerjoular/overview.html | H20: =Taxonomy!BR19 -> 0 | I20: =Taxonomy!BS19 -> Designed for software Developements | J20: =Taxonomy!BT19 -> no | K20: =Taxonomy!BU19 -> no | L20: =Taxonomy!BV19 -> no
B21: IgProf (Energy module) | D21: =Taxonomy!BN20 -> Runs as an attached library to the profiled process | E21: =Taxonomy!BO20 -> Open-Source | F21: =Taxonomy!BP20 -> Not maintained since 2024 | G21: =Taxonomy!BQ20 -> Limited to not existing for the energy module (https://igprof.org/index.html) | H21: =Taxonomy!BR20 -> Khan, Kashif, Filip Nybäck, Zhonghong Ou, et al. 2015. Energy Profiling Using IgProf. In Proceedings - 2015 IEEE/ACM 15th International Symposium on Cluster, Cloud, and Grid Computing, CCGrid 2015. https://doi.org/10.1109/CCGrid.2015.118. | I21: =Taxonomy!BS20 -> 0 | J21: =Taxonomy!BT20 -> no | K21: =Taxonomy!BU20 -> no | L21: =Taxonomy!BV20 -> no
B22: jRAPL | D22: =Taxonomy!BN21 -> Java Library to load from any Java source code. Developer just needs to put API calls (statCheck) before and after a code block. The energy consumption is the difference between the two readings | E22: =Taxonomy!BO21 -> Open-Source | F22: =Taxonomy!BP21 -> Not maintained since 2018 | G22: =Taxonomy!BQ21 -> Limited | H22: =Taxonomy!BR21 -> Liu, Kenan, Gustavo Pinto, and Yu David Liu. 2015. ‘Data-Oriented Characterization of Application-Level Energy Optimization’. In Fundamental Approaches to Software Engineering, edited by Alexander Egyed and Ina Schaefer. Springer. https://doi.org/10.1007/978-3-662-46675-9_21. | I22: =Taxonomy!BS21 -> Designed for software Developements | J22: =Taxonomy!BT21 -> no | K22: =Taxonomy!BU21 -> no | L22: =Taxonomy!BV21 -> no
